Date,TasMin
2020-01-01 12:00:00,5.854986503073029
2020-01-02 12:00:00,4.437575284512985
2020-01-03 12:00:00,5.935086322130247
2020-01-04 12:00:00,3.352638432879546
2020-01-05 12:00:00,5.605730047222755
2020-01-06 12:00:00,6.756361871582017
2020-01-07 12:00:00,5.650966448879499
2020-01-08 12:00:00,9.089626083403033
2020-01-09 12:00:00,6.5890640372876526
2020-01-10 12:00:00,4.5069957037509285
2020-01-11 12:00:00,5.312913264573164
2020-01-12 12:00:00,7.440269278807001
2020-01-13 12:00:00,3.558345498389195
2020-01-14 12:00:00,5.82107172322215
2020-01-15 12:00:00,5.132021128488636
2020-01-16 12:00:00,4.997111014377085
2020-01-17 12:00:00,4.450958554117324
2020-01-18 12:00:00,1.5395847841709012
2020-01-19 12:00:00,-0.38090394148022666
2020-01-20 12:00:00,0.9408428377294848
2020-01-21 12:00:00,0.656444486065431
2020-01-22 12:00:00,-0.6184725856189992
2020-01-23 12:00:00,3.705620109705844
2020-01-24 12:00:00,3.1817506900204977
2020-01-25 12:00:00,4.170307348949558
2020-01-26 12:00:00,4.9216692125081725
2020-01-27 12:00:00,4.169071750322509
2020-01-28 12:00:00,1.5616287365765618
2020-01-29 12:00:00,1.3480601834542294
2020-01-30 12:00:00,5.711909473612671
2020-01-31 12:00:00,8.038813846013275
2020-02-01 12:00:00,7.786498161507894
2020-02-02 12:00:00,5.231990256252656
2020-02-03 12:00:00,8.668051508232036
2020-02-04 12:00:00,4.707236154432312
2020-02-05 12:00:00,2.4579771553971734
2020-02-06 12:00:00,3.000022940899206
2020-02-07 12:00:00,3.704798087169623
2020-02-08 12:00:00,2.9340102645731125
2020-02-09 12:00:00,4.195288111971134
2020-02-10 12:00:00,5.799156193469569
2020-02-11 12:00:00,1.4187333260355752
2020-02-12 12:00:00,2.2840790650498173
2020-02-13 12:00:00,4.404868216452746
2020-02-14 12:00:00,3.795834992495538
2020-02-15 12:00:00,8.621952271467944
2020-02-16 12:00:00,8.221054781485945
2020-02-17 12:00:00,2.391274337212736
2020-02-18 12:00:00,4.127681029329402
2020-02-19 12:00:00,2.8169503487814223
2020-02-20 12:00:00,7.212244425081866
2020-02-21 12:00:00,3.128085665314223
2020-02-22 12:00:00,7.182553456002318
2020-02-23 12:00:00,8.392945211832242
2020-02-24 12:00:00,7.880919101565017
2020-02-25 12:00:00,3.3352132432100605
2020-02-26 12:00:00,1.0838467304415573
2020-02-27 12:00:00,3.203544886249391
2020-02-28 12:00:00,1.2121831963659115
2020-02-29 12:00:00,2.3889446173512496
2020-03-01 12:00:00,2.4255955025394935
2020-03-02 12:00:00,2.661702918177064
2020-03-03 12:00:00,1.6064094401509044
2020-03-04 12:00:00,2.6125997156416454
2020-03-05 12:00:00,3.7927220711719523
2020-03-06 12:00:00,1.2815868756792161
2020-03-07 12:00:00,4.84826120432869
2020-03-08 12:00:00,6.043174608258589
2020-03-09 12:00:00,5.329648605617708
2020-03-10 12:00:00,7.228036371182089
2020-03-11 12:00:00,7.461456072178433
2020-03-12 12:00:00,4.32318745681315
2020-03-13 12:00:00,3.952816256438436
2020-03-14 12:00:00,6.550647940439515
2020-03-15 12:00:00,5.85551653033367
2020-03-16 12:00:00,0.5260941648596118
2020-03-17 12:00:00,4.048998511258329
2020-03-18 12:00:00,8.797054152057694
2020-03-19 12:00:00,7.00642581398572
2020-03-20 12:00:00,4.028139366265724
2020-03-21 12:00:00,4.674756834126102
2020-03-22 12:00:00,2.0043474737405225
2020-03-23 12:00:00,4.3960469953381995
2020-03-24 12:00:00,3.574477275193455
2020-03-25 12:00:00,4.32914068390197
2020-03-26 12:00:00,2.0161242692793815
2020-03-27 12:00:00,0.5423398920785263
2020-03-28 12:00:00,2.5265221725629425
2020-03-29 12:00:00,1.296592741291438
2020-03-30 12:00:00,-0.8944784538065127
2020-03-31 12:00:00,3.2071212195412215
2020-04-01 12:00:00,0.3050577662747709
2020-04-02 12:00:00,4.585544384984091
2020-04-03 12:00:00,5.165092168846486
2020-04-04 12:00:00,4.621674919319765
2020-04-05 12:00:00,8.197153547134874
2020-04-06 12:00:00,5.666923582616299
2020-04-07 12:00:00,3.80964945949305
2020-04-08 12:00:00,9.646752203089957
2020-04-09 12:00:00,8.958363511757982
2020-04-10 12:00:00,11.54180350154535
2020-04-11 12:00:00,10.679889246242016
2020-04-12 12:00:00,7.83761747392966
2020-04-13 12:00:00,7.648737902117832
2020-04-14 12:00:00,0.9469136656740744
2020-04-15 12:00:00,2.9650315612709734
2020-04-16 12:00:00,7.9451339257154725
2020-04-17 12:00:00,8.873903952847119
2020-04-18 12:00:00,8.77274824074927
2020-04-19 12:00:00,8.205688424258321
2020-04-20 12:00:00,6.752232543344455
2020-04-21 12:00:00,7.809926910805872
2020-04-22 12:00:00,7.5679131308221415
2020-04-23 12:00:00,9.085923202251504
2020-04-24 12:00:00,7.564527403558024
2020-04-25 12:00:00,7.703412767015842
2020-04-26 12:00:00,6.95802080105423
2020-04-27 12:00:00,7.676922354417352
2020-04-28 12:00:00,9.025761152658795
2020-04-29 12:00:00,3.923908870727937
2020-04-30 12:00:00,5.321408589609577
2020-05-01 12:00:00,5.64373342426083
2020-05-02 12:00:00,4.915087796654751
2020-05-03 12:00:00,6.836107736426926
2020-05-04 12:00:00,7.922260222079889
2020-05-05 12:00:00,7.756639821207239
2020-05-06 12:00:00,6.756051742583852
2020-05-07 12:00:00,8.741265618048669
2020-05-08 12:00:00,10.989903031139706
2020-05-09 12:00:00,10.54184521293119
2020-05-10 12:00:00,11.337816147518405
2020-05-11 12:00:00,2.706269181852007
2020-05-12 12:00:00,1.7711777634684696
2020-05-13 12:00:00,4.645627276120061
2020-05-14 12:00:00,1.1256692061851865
2020-05-15 12:00:00,4.549442050834383
2020-05-16 12:00:00,3.1901969900929683
2020-05-17 12:00:00,6.807256955924726
2020-05-18 12:00:00,5.131280246481226
2020-05-19 12:00:00,8.843433724122667
2020-05-20 12:00:00,7.797699129081806
2020-05-21 12:00:00,9.003659869646928
2020-05-22 12:00:00,11.592100469667145
2020-05-23 12:00:00,10.075637020380823
2020-05-24 12:00:00,9.658635544314992
2020-05-25 12:00:00,6.0723613977598525
2020-05-26 12:00:00,8.056820361327716
2020-05-27 12:00:00,8.888226583930367
2020-05-28 12:00:00,13.05560828177413
2020-05-29 12:00:00,10.926938993359371
2020-05-30 12:00:00,9.928560426430753
2020-05-31 12:00:00,12.280674887393705
2020-06-01 12:00:00,10.68342973874049
2020-06-02 12:00:00,13.745565246991745
2020-06-03 12:00:00,11.583456648091317
2020-06-04 12:00:00,7.522126603403602
2020-06-05 12:00:00,10.475219474212158
2020-06-06 12:00:00,6.1184625375174395
2020-06-07 12:00:00,8.797701248528126
2020-06-08 12:00:00,7.6927751631649555
2020-06-09 12:00:00,6.347192833625815
2020-06-10 12:00:00,9.57048914148381
2020-06-11 12:00:00,7.116606889898242
2020-06-12 12:00:00,10.703787336612407
2020-06-13 12:00:00,9.543085421250016
2020-06-14 12:00:00,9.6758070606164
2020-06-15 12:00:00,10.509939702852783
2020-06-16 12:00:00,11.995817841761733
2020-06-17 12:00:00,11.290678454010031
2020-06-18 12:00:00,11.478898719583574
2020-06-19 12:00:00,10.744528059231662
2020-06-20 12:00:00,12.143315046023751
2020-06-21 12:00:00,12.13417532022882
2020-06-22 12:00:00,8.139586453922675
2020-06-23 12:00:00,12.350286448693769
2020-06-24 12:00:00,14.938596012768851
2020-06-25 12:00:00,16.500813434780405
2020-06-26 12:00:00,12.361692235003321
2020-06-27 12:00:00,12.357019574757217
2020-06-28 12:00:00,10.061839461981405
2020-06-29 12:00:00,10.958339526695381
2020-06-30 12:00:00,11.038818753740527
2020-07-01 12:00:00,12.713068677651105
2020-07-02 12:00:00,11.203780408711927
2020-07-03 12:00:00,10.415044996067788
2020-07-04 12:00:00,13.325494819333189
2020-07-05 12:00:00,12.419353576573496
2020-07-06 12:00:00,11.24907095518344
2020-07-07 12:00:00,8.062262645192027
2020-07-08 12:00:00,13.306281915230038
2020-07-09 12:00:00,13.031492183860495
2020-07-10 12:00:00,10.007435037677272
2020-07-11 12:00:00,7.448159035337805
2020-07-12 12:00:00,8.24028930132015
2020-07-13 12:00:00,9.71586646932472
2020-07-14 12:00:00,13.358012666709069
2020-07-15 12:00:00,12.336738252147954
2020-07-16 12:00:00,13.935269603990347
2020-07-17 12:00:00,12.845157004122255
2020-07-18 12:00:00,11.946726013050757
2020-07-19 12:00:00,12.477284090316662
2020-07-20 12:00:00,8.812448899750244
2020-07-21 12:00:00,8.851411699532674
2020-07-22 12:00:00,8.986771325775365
2020-07-23 12:00:00,10.063063245538713
2020-07-24 12:00:00,14.696530941259006
2020-07-25 12:00:00,15.515159917049527
2020-07-26 12:00:00,12.713064195883728
2020-07-27 12:00:00,13.963514524772474
2020-07-28 12:00:00,12.071427359063726
2020-07-29 12:00:00,9.288803000168457
2020-07-30 12:00:00,11.281066490286522
2020-07-31 12:00:00,15.292254161292053
2020-08-01 12:00:00,14.129273530152991
2020-08-02 12:00:00,12.136789594257877
2020-08-03 12:00:00,9.476213709056058
2020-08-04 12:00:00,8.913508939842183
2020-08-05 12:00:00,15.377242154441886
2020-08-06 12:00:00,14.471023203207933
2020-08-07 12:00:00,15.159604187631142
2020-08-08 12:00:00,14.356832284165648
2020-08-09 12:00:00,13.206824395592514
2020-08-10 12:00:00,14.07255589747188
2020-08-11 12:00:00,15.46136080561466
2020-08-12 12:00:00,15.090744350315449
2020-08-13 12:00:00,18.027445291421248
2020-08-14 12:00:00,16.55528804281676
2020-08-15 12:00:00,15.763375047963722
2020-08-16 12:00:00,12.917838383331295
2020-08-17 12:00:00,12.02808395737261
2020-08-18 12:00:00,12.814962031880185
2020-08-19 12:00:00,15.915825727110546
2020-08-20 12:00:00,13.36206867325098
2020-08-21 12:00:00,14.757575280643344
2020-08-22 12:00:00,12.871162222940242
2020-08-23 12:00:00,13.035785184577254
2020-08-24 12:00:00,13.727879934530186
2020-08-25 12:00:00,14.645249794355696
2020-08-26 12:00:00,13.660240889316942
2020-08-27 12:00:00,10.765807706828399
2020-08-28 12:00:00,12.315860706648781
2020-08-29 12:00:00,8.938854431834564
2020-08-30 12:00:00,7.8708107175534305
2020-08-31 12:00:00,7.372899909471391
2020-09-01 12:00:00,9.564327542249352
2020-09-02 12:00:00,10.190298242887108
2020-09-03 12:00:00,14.676671148292373
2020-09-04 12:00:00,11.048268662687747
2020-09-05 12:00:00,9.437814542781489
2020-09-06 12:00:00,10.495476191583395
2020-09-07 12:00:00,9.732066195663359
2020-09-08 12:00:00,13.97758298247907
2020-09-09 12:00:00,13.184386538801686
2020-09-10 12:00:00,8.710826691244225
2020-09-11 12:00:00,7.658943377643823
2020-09-12 12:00:00,10.38966411945794
2020-09-13 12:00:00,10.46083558800686
2020-09-14 12:00:00,12.510013917153902
2020-09-15 12:00:00,14.564476439459584
2020-09-16 12:00:00,13.553692381435962
2020-09-17 12:00:00,13.587630281709515
2020-09-18 12:00:00,7.483066370444874
2020-09-19 12:00:00,12.407552618745052
2020-09-20 12:00:00,13.254237715891202
2020-09-21 12:00:00,13.630578559786892
2020-09-22 12:00:00,11.593091304332749
2020-09-23 12:00:00,11.634182590772166
2020-09-24 12:00:00,6.208812061436394
2020-09-25 12:00:00,6.428259409265108
2020-09-26 12:00:00,4.123406480710649
2020-09-27 12:00:00,6.066500353449027
2020-09-28 12:00:00,6.332039547528847
2020-09-29 12:00:00,9.804570347793499
2020-09-30 12:00:00,8.811286932166624
2020-10-01 12:00:00,6.205600664882471
2020-10-02 12:00:00,6.517634104718429
2020-10-03 12:00:00,10.142351949421002
2020-10-04 12:00:00,8.508581613312089
2020-10-05 12:00:00,8.53515623813655
2020-10-06 12:00:00,10.007762263903123
2020-10-07 12:00:00,9.58082892927101
2020-10-08 12:00:00,11.073145213296597
2020-10-09 12:00:00,7.0662253542576146
2020-10-10 12:00:00,5.508513500329318
2020-10-11 12:00:00,9.046480190473957
2020-10-12 12:00:00,5.963158934005435
2020-10-13 12:00:00,7.470283325788772
2020-10-14 12:00:00,7.006138852497432
2020-10-15 12:00:00,4.941529491593227
2020-10-16 12:00:00,5.352612708782857
2020-10-17 12:00:00,7.133240952553205
2020-10-18 12:00:00,7.3721069354789295
2020-10-19 12:00:00,7.460973789454139
2020-10-20 12:00:00,11.81387651031553
2020-10-21 12:00:00,12.382971271411503
2020-10-22 12:00:00,9.351558324503142
2020-10-23 12:00:00,8.054029201688058
2020-10-24 12:00:00,5.427781324315793
2020-10-25 12:00:00,6.382906758308012
2020-10-26 12:00:00,5.285742667469668
2020-10-27 12:00:00,6.757648648606722
2020-10-28 12:00:00,6.194522081472989
2020-10-29 12:00:00,7.959692509629342
2020-10-30 12:00:00,12.400011940301646
2020-10-31 12:00:00,12.517897371164398
2020-11-01 12:00:00,8.022188737981587
2020-11-02 12:00:00,9.123091866953423
2020-11-03 12:00:00,4.901901743347104
2020-11-04 12:00:00,2.961177744833443
2020-11-05 12:00:00,3.215631621919498
2020-11-06 12:00:00,4.291879188315864
2020-11-07 12:00:00,8.86695828782831
2020-11-08 12:00:00,11.220756818387352
2020-11-09 12:00:00,11.896280534914876
2020-11-10 12:00:00,8.155137840504818
2020-11-11 12:00:00,9.08620226875005
2020-11-12 12:00:00,5.458127437171656
2020-11-13 12:00:00,6.264182723910263
2020-11-14 12:00:00,7.99444357023263
2020-11-15 12:00:00,6.086280197319821
2020-11-16 12:00:00,5.698930653610279
2020-11-17 12:00:00,9.246968121844127
2020-11-18 12:00:00,10.870655521571862
2020-11-19 12:00:00,7.562837248220685
2020-11-20 12:00:00,4.745135833423997
2020-11-21 12:00:00,8.102952656727348
2020-11-22 12:00:00,8.62496700761594
2020-11-23 12:00:00,4.554549634387112
2020-11-24 12:00:00,7.545507980820348
2020-11-25 12:00:00,5.761982140811738
2020-11-26 12:00:00,2.4077699684218485
2020-11-27 12:00:00,1.5432493265488607
2020-11-28 12:00:00,3.584622166162955
2020-11-29 12:00:00,5.968233466990399
2020-11-30 12:00:00,4.532246583530673
2020-12-01 12:00:00,4.593077868726457
2020-12-02 12:00:00,5.564366176397845
2020-12-03 12:00:00,4.874143728581455
2020-12-04 12:00:00,1.105221995040068
2020-12-05 12:00:00,2.9649994005709055
2020-12-06 12:00:00,0.4303203546199974
2020-12-07 12:00:00,0.679376045196971
2020-12-08 12:00:00,0.4985607604458471
2020-12-09 12:00:00,3.186648746768585
2020-12-10 12:00:00,4.2120726770009815
2020-12-11 12:00:00,7.923668272313835
2020-12-12 12:00:00,5.512952719251413
2020-12-13 12:00:00,2.586912993659125
2020-12-14 12:00:00,8.05690051540147
2020-12-15 12:00:00,5.91648017992054
2020-12-16 12:00:00,6.733329490058249
2020-12-17 12:00:00,4.404632125370176
2020-12-18 12:00:00,7.315697025252332
2020-12-19 12:00:00,6.7402048445257385
2020-12-20 12:00:00,4.797451428576741
2020-12-21 12:00:00,4.45120081771621
2020-12-22 12:00:00,9.008495736531067
2020-12-23 12:00:00,9.460106247831021
2020-12-24 12:00:00,3.5814343322303666
2020-12-25 12:00:00,-0.6225661477101054
2020-12-26 12:00:00,1.504392025004662
2020-12-27 12:00:00,3.8686897073650304
2020-12-28 12:00:00,2.1999309361205053
2020-12-29 12:00:00,3.08738713301251
2020-12-30 12:00:00,1.7468828800610121
2020-12-31 12:00:00,-0.2159716955511457
2021-01-01 12:00:00,-2.1723884000814233
2021-01-02 12:00:00,0.026760818462072233
2021-01-03 12:00:00,0.4734169616057229
2021-01-04 12:00:00,0.893297407990342
2021-01-05 12:00:00,-0.12301912381822788
2021-01-06 12:00:00,-1.0086983889278618
2021-01-07 12:00:00,-2.0666604361148715
2021-01-08 12:00:00,-0.306612076108578
2021-01-09 12:00:00,-1.783140267976702
2021-01-10 12:00:00,-3.4568098533981826
2021-01-11 12:00:00,-0.8795231493135485
2021-01-12 12:00:00,5.837854766665057
2021-01-13 12:00:00,8.065868603748713
2021-01-14 12:00:00,8.144416573843136
2021-01-15 12:00:00,2.759273901152506
2021-01-16 12:00:00,3.0747911412376965
2021-01-17 12:00:00,4.108315865724236
2021-01-18 12:00:00,2.6721044904793834
2021-01-19 12:00:00,4.267218374435737
2021-01-20 12:00:00,8.317397862601249
2021-01-21 12:00:00,3.137383778579974
2021-01-22 12:00:00,0.7824545346673204
2021-01-23 12:00:00,0.670497629205101
2021-01-24 12:00:00,-1.572669984892356
2021-01-25 12:00:00,-2.7796776822784746
2021-01-26 12:00:00,0.13872301888126648
2021-01-27 12:00:00,5.504314585468638
2021-01-28 12:00:00,9.09532590670549
2021-01-29 12:00:00,7.684375212303012
2021-01-30 12:00:00,6.500227024918489
2021-01-31 12:00:00,2.819059900513685
2021-02-01 12:00:00,2.979660605279382
2021-02-02 12:00:00,4.903068052125038
2021-02-03 12:00:00,5.109054829097149
2021-02-04 12:00:00,3.965395209929848
2021-02-05 12:00:00,3.5022337531056946
2021-02-06 12:00:00,1.1366143915190872
2021-02-07 12:00:00,0.5384045508590227
2021-02-08 12:00:00,-1.1887261602710648
2021-02-09 12:00:00,-2.502649641190657
2021-02-10 12:00:00,-2.82800134692004
2021-02-11 12:00:00,-2.3059910468445706
2021-02-12 12:00:00,0.20959202066310834
2021-02-13 12:00:00,0.019267366213881587
2021-02-14 12:00:00,0.7862776524442916
2021-02-15 12:00:00,6.78759983692395
2021-02-16 12:00:00,8.110236207194898
2021-02-17 12:00:00,7.753575582253572
2021-02-18 12:00:00,5.092273267088661
2021-02-19 12:00:00,4.511812726183038
2021-02-20 12:00:00,10.023570446400504
2021-02-21 12:00:00,8.033177118571718
2021-02-22 12:00:00,2.5347730907737773
2021-02-23 12:00:00,6.826960662540182
2021-02-24 12:00:00,9.302409448140354
2021-02-25 12:00:00,5.852649277923443
2021-02-26 12:00:00,2.478452369421515
2021-02-27 12:00:00,1.9057491077890543
2021-02-28 12:00:00,2.2521859808067295
2021-03-01 12:00:00,3.4493541236658096
2021-03-02 12:00:00,3.657834389129944
2021-03-03 12:00:00,4.0452318620208985
2021-03-04 12:00:00,5.804362619290981
2021-03-05 12:00:00,1.8506089653170785
2021-03-06 12:00:00,-1.7512169031969815
2021-03-07 12:00:00,-1.275432814092885
2021-03-08 12:00:00,-1.4082842765986578
2021-03-09 12:00:00,-1.2456693061644826
2021-03-10 12:00:00,4.432093003619339
2021-03-11 12:00:00,7.040191543002454
2021-03-12 12:00:00,4.844016846216693
2021-03-13 12:00:00,4.697598417446469
2021-03-14 12:00:00,3.8548412351988164
2021-03-15 12:00:00,5.500781474052163
2021-03-16 12:00:00,8.120480003393405
2021-03-17 12:00:00,0.8816033638932819
2021-03-18 12:00:00,-0.02308989887024282
2021-03-19 12:00:00,6.28364529139909
2021-03-20 12:00:00,4.684249696387248
2021-03-21 12:00:00,5.864778468438237
2021-03-22 12:00:00,2.315106482280553
2021-03-23 12:00:00,4.199310373378024
2021-03-24 12:00:00,6.860048233399061
2021-03-25 12:00:00,3.616399415599744
2021-03-26 12:00:00,6.248931125521521
2021-03-27 12:00:00,3.219572134191782
2021-03-28 12:00:00,6.393533455782686
2021-03-29 12:00:00,7.962142627651218
2021-03-30 12:00:00,6.361215468748176
2021-03-31 12:00:00,8.733967279126357
2021-04-01 12:00:00,10.264084059526489
2021-04-02 12:00:00,3.8228889860097826
2021-04-03 12:00:00,0.41039459045132665
2021-04-04 12:00:00,0.8392626131635263
2021-04-05 12:00:00,5.347861735678482
2021-04-06 12:00:00,0.7651521421441418
2021-04-07 12:00:00,0.6652082773224777
2021-04-08 12:00:00,1.1673029354364286
2021-04-09 12:00:00,1.8028595830877552
2021-04-10 12:00:00,3.219085631391478
2021-04-11 12:00:00,-0.904113127793476
2021-04-12 12:00:00,0.1765043153539647
2021-04-13 12:00:00,1.1965799264379395
2021-04-14 12:00:00,2.367150754126138
2021-04-15 12:00:00,3.1341850739032955
2021-04-16 12:00:00,0.9105996396372937
2021-04-17 12:00:00,1.309286904824043
2021-04-18 12:00:00,1.480171063818382
2021-04-19 12:00:00,3.733881608062335
2021-04-20 12:00:00,5.17375931613812
2021-04-21 12:00:00,7.518319813874733
2021-04-22 12:00:00,4.380935471551302
2021-04-23 12:00:00,5.285698371960834
2021-04-24 12:00:00,7.940948422830167
2021-04-25 12:00:00,5.512999637654924
2021-04-26 12:00:00,2.7528035579472565
2021-04-27 12:00:00,2.715271226308607
2021-04-28 12:00:00,5.548580647755512
2021-04-29 12:00:00,3.2418318241178845
2021-04-30 12:00:00,1.3238726615208414
2021-05-01 12:00:00,1.183073235224783
2021-05-02 12:00:00,1.6181343378707336
2021-05-03 12:00:00,4.0939611511065745
2021-05-04 12:00:00,7.604075416209137
2021-05-05 12:00:00,4.757226795293419
2021-05-06 12:00:00,3.030465048071737
2021-05-07 12:00:00,0.8648185444298511
2021-05-08 12:00:00,6.549980854829336
2021-05-09 12:00:00,9.21377197571086
2021-05-10 12:00:00,8.68538126289756
2021-05-11 12:00:00,4.886136595814197
2021-05-12 12:00:00,4.690975697753129
2021-05-13 12:00:00,5.9628188183755455
2021-05-14 12:00:00,6.323516136579806
2021-05-15 12:00:00,7.405318981129164
2021-05-16 12:00:00,7.7998985313857325
2021-05-17 12:00:00,9.123166914329897
2021-05-18 12:00:00,6.590735872521949
2021-05-19 12:00:00,6.839166186929746
2021-05-20 12:00:00,7.428952376754541
2021-05-21 12:00:00,8.584148854195943
2021-05-22 12:00:00,7.685288937808233
2021-05-23 12:00:00,3.2674992344365386
2021-05-24 12:00:00,5.3792925265733675
2021-05-25 12:00:00,5.975475748014741
2021-05-26 12:00:00,6.537709875239096
2021-05-27 12:00:00,3.9885097097177606
2021-05-28 12:00:00,9.053583488500976
2021-05-29 12:00:00,10.954064616055533
2021-05-30 12:00:00,10.797425450210472
2021-05-31 12:00:00,9.106420723672258
2021-06-01 12:00:00,11.23842303385181
2021-06-02 12:00:00,13.513080936059069
2021-06-03 12:00:00,10.869983085612196
2021-06-04 12:00:00,6.579545000616022
2021-06-05 12:00:00,7.771318219989295
2021-06-06 12:00:00,12.187879033824656
2021-06-07 12:00:00,8.680323918792519
2021-06-08 12:00:00,7.4426885117996315
2021-06-09 12:00:00,9.998830295230718
2021-06-10 12:00:00,13.924027033383148
2021-06-11 12:00:00,12.516692982616082
2021-06-12 12:00:00,11.22911809817601
2021-06-13 12:00:00,10.634233635275312
2021-06-14 12:00:00,11.940706744509056
2021-06-15 12:00:00,9.127723833883154
2021-06-16 12:00:00,10.166813069052491
2021-06-17 12:00:00,12.244399174299197
2021-06-18 12:00:00,10.667908379556017
2021-06-19 12:00:00,9.64058168280725
2021-06-20 12:00:00,11.671470544720549
2021-06-21 12:00:00,11.36967825556574
2021-06-22 12:00:00,10.09799854658237
2021-06-23 12:00:00,7.974512859785336
2021-06-24 12:00:00,12.06462539175586
2021-06-25 12:00:00,12.793166206740718
2021-06-26 12:00:00,10.122198164106097
2021-06-27 12:00:00,11.440050377595409
2021-06-28 12:00:00,13.362963242501426
2021-06-29 12:00:00,12.26730619426551
2021-06-30 12:00:00,10.992354013900993
2021-07-01 12:00:00,12.58086326099756
2021-07-02 12:00:00,9.32767134806694
2021-07-03 12:00:00,13.219040320953239
2021-07-04 12:00:00,13.380279451368198
2021-07-05 12:00:00,10.366828977120939
2021-07-06 12:00:00,9.754382285972685
2021-07-07 12:00:00,12.77492052793482
2021-07-08 12:00:00,13.585579767175773
2021-07-09 12:00:00,12.009091648110745
2021-07-10 12:00:00,12.574198902779635
2021-07-11 12:00:00,12.575605893538903
2021-07-12 12:00:00,12.475218344765738
2021-07-13 12:00:00,13.936463076668606
2021-07-14 12:00:00,14.213909035249877
2021-07-15 12:00:00,12.822133619970026
2021-07-16 12:00:00,13.191342920304518
2021-07-17 12:00:00,17.006133279391797
2021-07-18 12:00:00,15.185303516755084
2021-07-19 12:00:00,17.4766600450673
2021-07-20 12:00:00,16.674010093249933
2021-07-21 12:00:00,18.694822961822467
2021-07-22 12:00:00,17.603767654476506
2021-07-23 12:00:00,17.120311918821816
2021-07-24 12:00:00,14.75513807983353
2021-07-25 12:00:00,13.663924762348927
2021-07-26 12:00:00,12.817924318046337
2021-07-27 12:00:00,14.769604065511327
2021-07-28 12:00:00,12.497902989305965
2021-07-29 12:00:00,11.678377813762864
2021-07-30 12:00:00,12.016722042590535
2021-07-31 12:00:00,12.708354353011355
2021-08-01 12:00:00,13.704552883103409
2021-08-02 12:00:00,9.148926101677855
2021-08-03 12:00:00,9.245098639827921
2021-08-04 12:00:00,9.586624576234625
2021-08-05 12:00:00,11.731115935352351
2021-08-06 12:00:00,13.928107539680814
2021-08-07 12:00:00,10.839564849424125
2021-08-08 12:00:00,12.776727787554227
2021-08-09 12:00:00,12.578889193854955
2021-08-10 12:00:00,10.777164519858337
2021-08-11 12:00:00,11.100112639612057
2021-08-12 12:00:00,10.106293875522304
2021-08-13 12:00:00,13.109476317100768
2021-08-14 12:00:00,14.775829741578365
2021-08-15 12:00:00,13.71900916370938
2021-08-16 12:00:00,12.622641727944233
2021-08-17 12:00:00,12.355193075610812
2021-08-18 12:00:00,13.737280673674821
2021-08-19 12:00:00,12.510122444160345
2021-08-20 12:00:00,14.24500568586752
2021-08-21 12:00:00,14.68200199835928
2021-08-22 12:00:00,14.269665298626238
2021-08-23 12:00:00,10.301566203872975
2021-08-24 12:00:00,10.71899205431755
2021-08-25 12:00:00,10.4267735893386
2021-08-26 12:00:00,11.48437500392501
2021-08-27 12:00:00,11.981368905338634
2021-08-28 12:00:00,9.057305243765555
2021-08-29 12:00:00,11.537314639979943
2021-08-30 12:00:00,10.024419968214119
2021-08-31 12:00:00,13.058779963071714
2021-09-01 12:00:00,10.517159347067867
2021-09-02 12:00:00,10.290361623899038
2021-09-03 12:00:00,9.400217021365062
2021-09-04 12:00:00,11.914537471184065
2021-09-05 12:00:00,13.538968470208474
2021-09-06 12:00:00,13.34117275527129
2021-09-07 12:00:00,17.478317360518872
2021-09-08 12:00:00,16.320044989220232
2021-09-09 12:00:00,15.889114448127396
2021-09-10 12:00:00,14.872966280827047
2021-09-11 12:00:00,12.47838616088855
2021-09-12 12:00:00,11.33606210057914
2021-09-13 12:00:00,13.30798931954583
2021-09-14 12:00:00,12.592272507355547
2021-09-15 12:00:00,10.989953686339819
2021-09-16 12:00:00,11.694665146075026
2021-09-17 12:00:00,11.787241179928628
2021-09-18 12:00:00,14.21602679011544
2021-09-19 12:00:00,9.585108663849272
2021-09-20 12:00:00,8.862424077439272
2021-09-21 12:00:00,9.045564192062779
2021-09-22 12:00:00,9.53948270548838
2021-09-23 12:00:00,10.925795409427046
2021-09-24 12:00:00,9.98987884642787
2021-09-25 12:00:00,14.366850220100837
2021-09-26 12:00:00,11.142752089387384
2021-09-27 12:00:00,8.889719123131147
2021-09-28 12:00:00,9.457092760133186
2021-09-29 12:00:00,7.7341140554262235
2021-09-30 12:00:00,7.391525190077235
2021-10-01 12:00:00,11.271026338566461
2021-10-02 12:00:00,7.016838856232018
2021-10-03 12:00:00,6.54752926699748
2021-10-04 12:00:00,7.694718765814523
2021-10-05 12:00:00,9.394667023339377
2021-10-06 12:00:00,9.657643504708993
2021-10-07 12:00:00,11.98931976226518
2021-10-08 12:00:00,13.259647377853629
2021-10-09 12:00:00,10.819172209543265
2021-10-10 12:00:00,9.42601545615652
2021-10-11 12:00:00,7.026074501885617
2021-10-12 12:00:00,6.670489932086083
2021-10-13 12:00:00,8.754624981350227
2021-10-14 12:00:00,7.289253748188971
2021-10-15 12:00:00,10.158258774914003
2021-10-16 12:00:00,7.955793811650646
2021-10-17 12:00:00,9.582394966862045
2021-10-18 12:00:00,10.82236236798445
2021-10-19 12:00:00,13.357172981516637
2021-10-20 12:00:00,11.049251916480962
2021-10-21 12:00:00,7.8026472239056535
2021-10-22 12:00:00,5.314414626547321
2021-10-23 12:00:00,8.545989543717958
2021-10-24 12:00:00,10.33434550804671
2021-10-25 12:00:00,9.116260088259603
2021-10-26 12:00:00,8.197126755214601
2021-10-27 12:00:00,13.20075710805763
2021-10-28 12:00:00,13.005894077505914
2021-10-29 12:00:00,9.817307868600057
2021-10-30 12:00:00,6.357796861903802
2021-10-31 12:00:00,6.864047095739153
2021-11-01 12:00:00,6.995155080975015
2021-11-02 12:00:00,3.0482228255575503
2021-11-03 12:00:00,3.1455422045852317
2021-11-04 12:00:00,3.7211002891543536
2021-11-05 12:00:00,4.331599094546689
2021-11-06 12:00:00,7.696905461255273
2021-11-07 12:00:00,8.480808749915779
2021-11-08 12:00:00,5.461959952935516
2021-11-09 12:00:00,9.395630060210312
2021-11-10 12:00:00,11.05693934281917
2021-11-11 12:00:00,8.900178463065942
2021-11-12 12:00:00,9.647013045121298
2021-11-13 12:00:00,9.977620973802345
2021-11-14 12:00:00,9.368503946139654
2021-11-15 12:00:00,9.096886095980022
2021-11-16 12:00:00,8.626522377496354
2021-11-17 12:00:00,6.89563569100539
2021-11-18 12:00:00,7.62602048872319
2021-11-19 12:00:00,8.920654885153432
2021-11-20 12:00:00,8.542188244806624
2021-11-21 12:00:00,5.48509522864056
2021-11-22 12:00:00,1.4811926976240977
2021-11-23 12:00:00,2.0743293547387065
2021-11-24 12:00:00,3.776643290281023
2021-11-25 12:00:00,3.728266363399734
2021-11-26 12:00:00,4.095401766998192
2021-11-27 12:00:00,3.3854407589555935
2021-11-28 12:00:00,2.4810211602577525
2021-11-29 12:00:00,-0.34729193807527103
2021-11-30 12:00:00,3.475455380354277
2021-12-01 12:00:00,6.759606289831963
2021-12-02 12:00:00,3.6081216532683618
2021-12-03 12:00:00,2.8196170873207693
2021-12-04 12:00:00,5.217336543127262
2021-12-05 12:00:00,4.018786824110218
2021-12-06 12:00:00,3.4867547222762267
2021-12-07 12:00:00,3.1603719628763742
2021-12-08 12:00:00,3.868467607592154
2021-12-09 12:00:00,2.7022979700417213
2021-12-10 12:00:00,4.206764676163864
2021-12-11 12:00:00,3.979205237695214
2021-12-12 12:00:00,6.416981657155858
2021-12-13 12:00:00,10.138479957361238
2021-12-14 12:00:00,10.076717367484394
2021-12-15 12:00:00,9.154188298681104
2021-12-16 12:00:00,7.998678171588445
2021-12-17 12:00:00,6.087873706700639
2021-12-18 12:00:00,3.378688769266234
2021-12-19 12:00:00,3.753558863835016
2021-12-20 12:00:00,2.7894258747878466
2021-12-21 12:00:00,4.199936980930834
2021-12-22 12:00:00,3.9701343012262322
2021-12-23 12:00:00,5.445040929889322
2021-12-24 12:00:00,7.643702062116237
2021-12-25 12:00:00,8.033433497882479
2021-12-26 12:00:00,8.024281277415366
2021-12-27 12:00:00,7.1250199190593
2021-12-28 12:00:00,8.274546574415126
2021-12-29 12:00:00,6.7945780287455495
2021-12-30 12:00:00,12.489366271778461
2021-12-31 12:00:00,11.53332649025753
2022-01-01 12:00:00,11.07401266759804
2022-01-02 12:00:00,9.441366442630772
2022-01-03 12:00:00,7.64362059433393
2022-01-04 12:00:00,3.6037962418742433
2022-01-05 12:00:00,2.5494532453753163
2022-01-06 12:00:00,0.2891145258806955
2022-01-07 12:00:00,3.144982523900814
2022-01-08 12:00:00,4.351090126442422
2022-01-09 12:00:00,4.5396378470523135
2022-01-10 12:00:00,5.754280621918336
2022-01-11 12:00:00,9.801474787211252
2022-01-12 12:00:00,1.9676337205214218
2022-01-13 12:00:00,3.024572549358766
2022-01-14 12:00:00,3.235640165813334
2022-01-15 12:00:00,3.3628894445846447
2022-01-16 12:00:00,5.374332705956203
2022-01-17 12:00:00,0.6514988561504524
2022-01-18 12:00:00,1.7723482970671467
2022-01-19 12:00:00,4.39569246293536
2022-01-20 12:00:00,4.4173754162273475
2022-01-21 12:00:00,-1.3273540457243063
2022-01-22 12:00:00,0.7934632052244588
2022-01-23 12:00:00,3.073449583346808
2022-01-24 12:00:00,3.352542443809551
2022-01-25 12:00:00,4.616527513922845
2022-01-26 12:00:00,3.3009820053136236
2022-01-27 12:00:00,4.493531456094382
2022-01-28 12:00:00,2.1970730818381994
2022-01-29 12:00:00,5.804303835567703
2022-01-30 12:00:00,2.001088486166923
2022-01-31 12:00:00,4.213164898958996
2022-02-01 12:00:00,6.6069301964315335
2022-02-02 12:00:00,7.442143261315192
2022-02-03 12:00:00,5.613118881662228
2022-02-04 12:00:00,4.094910914074241
2022-02-05 12:00:00,2.367487037827029
2022-02-06 12:00:00,5.335459448854862
2022-02-07 12:00:00,5.429889968047552
2022-02-08 12:00:00,7.445280908199375
2022-02-09 12:00:00,6.461923107566914
2022-02-10 12:00:00,4.604370642590785
2022-02-11 12:00:00,-0.11367525405543599
2022-02-12 12:00:00,3.239725455664388
2022-02-13 12:00:00,6.7757776445692235
2022-02-14 12:00:00,3.6012717190180052
2022-02-15 12:00:00,4.4174701749251915
2022-02-16 12:00:00,8.573659950740344
2022-02-17 12:00:00,7.250945276639678
2022-02-18 12:00:00,6.228802715850454
2022-02-19 12:00:00,2.7225713700366883
2022-02-20 12:00:00,7.030592857042804
2022-02-21 12:00:00,4.287270020841128
2022-02-22 12:00:00,7.7092296786596375
2022-02-23 12:00:00,3.5862807717615395
2022-02-24 12:00:00,3.4083213410597932
2022-02-25 12:00:00,2.73213585056464
2022-02-26 12:00:00,2.9815623859773845
2022-02-27 12:00:00,4.921575207800863
2022-02-28 12:00:00,6.7812739950015635
2022-03-01 12:00:00,4.903555427380509
2022-03-02 12:00:00,5.361435513159963
2022-03-03 12:00:00,6.845021686224323
2022-03-04 12:00:00,4.687801687230708
2022-03-05 12:00:00,1.4719708720342468
2022-03-06 12:00:00,1.5076047091952673
2022-03-07 12:00:00,1.2211112347589403
2022-03-08 12:00:00,3.318365589144784
2022-03-09 12:00:00,6.0136543331995895
2022-03-10 12:00:00,5.735983389118964
2022-03-11 12:00:00,5.926287916560101
2022-03-12 12:00:00,3.1938283615441856
2022-03-13 12:00:00,6.603418226826573
2022-03-14 12:00:00,3.1535011791905623
2022-03-15 12:00:00,4.256351558557732
2022-03-16 12:00:00,6.471886687135724
2022-03-17 12:00:00,2.0889503011988197
2022-03-18 12:00:00,5.397580241627523
2022-03-19 12:00:00,6.826082893321212
2022-03-20 12:00:00,6.603862366805782
2022-03-21 12:00:00,6.270888206216608
2022-03-22 12:00:00,9.359417149483344
2022-03-23 12:00:00,6.902626191474029
2022-03-24 12:00:00,5.741687694793547
2022-03-25 12:00:00,6.462431216444195
2022-03-26 12:00:00,5.165403858160692
2022-03-27 12:00:00,6.753878535286809
2022-03-28 12:00:00,5.7832154365552135
2022-03-29 12:00:00,8.836339252768306
2022-03-30 12:00:00,4.053289769723516
2022-03-31 12:00:00,0.3513783272254387
2022-04-01 12:00:00,0.5008773243138891
2022-04-02 12:00:00,0.3628599725844657
2022-04-03 12:00:00,0.3285235337010173
2022-04-04 12:00:00,3.3707213830234246
2022-04-05 12:00:00,8.371091329459707
2022-04-06 12:00:00,8.0462885744227
2022-04-07 12:00:00,6.4912179389641524
2022-04-08 12:00:00,3.505188934505106
2022-04-09 12:00:00,0.8863850384868965
2022-04-10 12:00:00,1.6612498667291566
2022-04-11 12:00:00,7.501847154971461
2022-04-12 12:00:00,9.294342268854916
2022-04-13 12:00:00,9.537509312279656
2022-04-14 12:00:00,7.890975298424426
2022-04-15 12:00:00,9.042436558806818
2022-04-16 12:00:00,9.210278803588784
2022-04-17 12:00:00,7.966340854292822
2022-04-18 12:00:00,4.932266148990537
2022-04-19 12:00:00,3.144686795091934
2022-04-20 12:00:00,5.94007600856967
2022-04-21 12:00:00,5.916122179466327
2022-04-22 12:00:00,6.671006362206798
2022-04-23 12:00:00,7.453037821170529
2022-04-24 12:00:00,7.357981073890548
2022-04-25 12:00:00,7.789352620798622
2022-04-26 12:00:00,5.269528219865745
2022-04-27 12:00:00,6.023947469611596
2022-04-28 12:00:00,5.335729410549622
2022-04-29 12:00:00,4.954757300894212
2022-04-30 12:00:00,4.981691972150759
2022-05-01 12:00:00,6.001439300611746
2022-05-02 12:00:00,7.230472291721628
2022-05-03 12:00:00,9.307142394274768
2022-05-04 12:00:00,6.090726770037819
2022-05-05 12:00:00,7.583103233565904
2022-05-06 12:00:00,9.378621577720697
2022-05-07 12:00:00,9.976417299395255
2022-05-08 12:00:00,7.71307987485953
2022-05-09 12:00:00,7.327756891880509
2022-05-10 12:00:00,11.356923601533683
2022-05-11 12:00:00,10.550756851623202
2022-05-12 12:00:00,6.95982960613618
2022-05-13 12:00:00,7.217069068040145
2022-05-14 12:00:00,7.120688586339071
2022-05-15 12:00:00,10.072670570824545
2022-05-16 12:00:00,12.16192768357228
2022-05-17 12:00:00,11.533911622930667
2022-05-18 12:00:00,9.759112162228345
2022-05-19 12:00:00,8.719313460396904
2022-05-20 12:00:00,9.884132202187626
2022-05-21 12:00:00,9.052756286885518
2022-05-22 12:00:00,8.609160914220782
2022-05-23 12:00:00,9.40115347356058
2022-05-24 12:00:00,7.236138918482871
2022-05-25 12:00:00,8.916763152855953
2022-05-26 12:00:00,11.115866973295375
2022-05-27 12:00:00,10.23440337978586
2022-05-28 12:00:00,6.17773210606812
2022-05-29 12:00:00,8.112198379508396
2022-05-30 12:00:00,7.354904315399276
2022-05-31 12:00:00,6.054547597745938
2022-06-01 12:00:00,5.495870115056421
2022-06-02 12:00:00,7.897672250892055
2022-06-03 12:00:00,8.762641937198936
2022-06-04 12:00:00,10.66119720330046
2022-06-05 12:00:00,11.83540522327668
2022-06-06 12:00:00,8.283244058493837
2022-06-07 12:00:00,12.361267597188156
2022-06-08 12:00:00,11.676071537436192
2022-06-09 12:00:00,10.83286511552867
2022-06-10 12:00:00,11.24408891368097
2022-06-11 12:00:00,10.639286353079914
2022-06-12 12:00:00,10.2713634653208
2022-06-13 12:00:00,8.280808814349843
2022-06-14 12:00:00,6.849712004585363
2022-06-15 12:00:00,7.6749731630222415
2022-06-16 12:00:00,8.768317761962091
2022-06-17 12:00:00,12.71003955159247
2022-06-18 12:00:00,14.074016184320023
2022-06-19 12:00:00,8.934068586014599
2022-06-20 12:00:00,11.33424408958081
2022-06-21 12:00:00,9.099348001812471
2022-06-22 12:00:00,11.514758226880385
2022-06-23 12:00:00,12.223792348886416
2022-06-24 12:00:00,13.179226393569747
2022-06-25 12:00:00,8.760576288832254
2022-06-26 12:00:00,9.468475019635504
2022-06-27 12:00:00,10.517758415795127
2022-06-28 12:00:00,10.173446111490826
2022-06-29 12:00:00,10.989162020953579
2022-06-30 12:00:00,7.652253665112531
2022-07-01 12:00:00,8.943381697565792
2022-07-02 12:00:00,11.027750757956444
2022-07-03 12:00:00,11.552774979328245
2022-07-04 12:00:00,8.879577983243982
2022-07-05 12:00:00,9.00555125160774
2022-07-06 12:00:00,13.640426024691406
2022-07-07 12:00:00,14.730949672879962
2022-07-08 12:00:00,11.029572922518366
2022-07-09 12:00:00,12.394345312705015
2022-07-10 12:00:00,12.977459040329485
2022-07-11 12:00:00,13.803823414914673
2022-07-12 12:00:00,15.494735475200544
2022-07-13 12:00:00,13.881197472337352
2022-07-14 12:00:00,10.478572879242103
2022-07-15 12:00:00,9.86556841507878
2022-07-16 12:00:00,10.89022034585929
2022-07-17 12:00:00,14.886451013933321
2022-07-18 12:00:00,15.787035460719256
2022-07-19 12:00:00,18.446202360453164
2022-07-20 12:00:00,15.8671697844813
2022-07-21 12:00:00,11.261898603415045
2022-07-22 12:00:00,10.45080487709302
2022-07-23 12:00:00,10.705061737379829
2022-07-24 12:00:00,16.576861154115285
2022-07-25 12:00:00,13.536713113762346
2022-07-26 12:00:00,12.244602074768622
2022-07-27 12:00:00,7.708223514564741
2022-07-28 12:00:00,10.417557684285384
2022-07-29 12:00:00,11.903127912633803
2022-07-30 12:00:00,13.423010718665394
2022-07-31 12:00:00,16.19640673055803
2022-08-01 12:00:00,13.204596938932681
2022-08-02 12:00:00,16.77874881630891
2022-08-03 12:00:00,16.463691613374536
2022-08-04 12:00:00,13.435287841535114
2022-08-05 12:00:00,9.012431707478687
2022-08-06 12:00:00,8.82950568491037
2022-08-07 12:00:00,10.977908279366531
2022-08-08 12:00:00,11.8140700439004
2022-08-09 12:00:00,12.176076775525228
2022-08-10 12:00:00,14.50430675581758
2022-08-11 12:00:00,16.135134954100085
2022-08-12 12:00:00,17.220110033155077
2022-08-13 12:00:00,18.085142369952038
2022-08-14 12:00:00,17.892723621160542
2022-08-15 12:00:00,15.585111554643118
2022-08-16 12:00:00,15.173525742246287
2022-08-17 12:00:00,14.62017507812515
2022-08-18 12:00:00,13.792678204758687
2022-08-19 12:00:00,12.043265133977124
2022-08-20 12:00:00,12.336767631319084
2022-08-21 12:00:00,11.988727603922072
2022-08-22 12:00:00,15.295315346060494
2022-08-23 12:00:00,14.944641624275812
2022-08-24 12:00:00,16.68430988812301
2022-08-25 12:00:00,12.843632232420205
2022-08-26 12:00:00,10.379934897032742
2022-08-27 12:00:00,11.243092797673638
2022-08-28 12:00:00,13.586075154160312
2022-08-29 12:00:00,12.861312219509655
2022-08-30 12:00:00,10.85015619972505
2022-08-31 12:00:00,13.604099827032003
2022-09-01 12:00:00,12.194605409422124
2022-09-02 12:00:00,12.827363916348883
2022-09-03 12:00:00,12.888400016293051
2022-09-04 12:00:00,11.591503837882547
2022-09-05 12:00:00,11.877906760971463
2022-09-06 12:00:00,14.824523025303897
2022-09-07 12:00:00,12.984901274954133
2022-09-08 12:00:00,13.406681272620059
2022-09-09 12:00:00,13.364087975796595
2022-09-10 12:00:00,12.518237049917756
2022-09-11 12:00:00,12.292561480341915
2022-09-12 12:00:00,15.254918144007135
2022-09-13 12:00:00,16.95966901433321
2022-09-14 12:00:00,14.368802679047018
2022-09-15 12:00:00,12.566955800164031
2022-09-16 12:00:00,7.761162859276587
2022-09-17 12:00:00,5.733660114758752
2022-09-18 12:00:00,6.178285967888331
2022-09-19 12:00:00,8.39456877171807
2022-09-20 12:00:00,9.768236600456762
2022-09-21 12:00:00,9.29362887193821
2022-09-22 12:00:00,8.896479385873388
2022-09-23 12:00:00,12.338390500387682
2022-09-24 12:00:00,8.546279187462144
2022-09-25 12:00:00,6.449350801760984
2022-09-26 12:00:00,10.664366125855077
2022-09-27 12:00:00,10.781555302434588
2022-09-28 12:00:00,9.46066697384026
2022-09-29 12:00:00,6.0075212195056595
2022-09-30 12:00:00,7.96010123296711
2022-10-01 12:00:00,11.156574391877815
2022-10-02 12:00:00,11.303096052862834
2022-10-03 12:00:00,8.218439446558827
2022-10-04 12:00:00,12.679836497386262
2022-10-05 12:00:00,13.98959689400775
2022-10-06 12:00:00,7.664451461142178
2022-10-07 12:00:00,12.010293705714204
2022-10-08 12:00:00,6.813583693994983
2022-10-09 12:00:00,6.964812637585177
2022-10-10 12:00:00,8.641664904971512
2022-10-11 12:00:00,5.844473113480128
2022-10-12 12:00:00,8.50978483168025
2022-10-13 12:00:00,9.474560693837761
2022-10-14 12:00:00,10.633931294044938
2022-10-15 12:00:00,8.76799312048808
2022-10-16 12:00:00,7.197020002788019
2022-10-17 12:00:00,9.622528374496195
2022-10-18 12:00:00,9.871723483147916
2022-10-19 12:00:00,14.005000518636912
2022-10-20 12:00:00,12.230178549734715
2022-10-21 12:00:00,12.197551537141326
2022-10-22 12:00:00,9.225442612741245
2022-10-23 12:00:00,11.991634227955814
2022-10-24 12:00:00,8.841104079170393
2022-10-25 12:00:00,9.498389273614412
2022-10-26 12:00:00,13.286229950277008
2022-10-27 12:00:00,13.739723570658041
2022-10-28 12:00:00,10.678599121376893
2022-10-29 12:00:00,11.563566664407087
2022-10-30 12:00:00,12.4151310366045
2022-10-31 12:00:00,10.097750426329506
2022-11-01 12:00:00,9.779076699021145
2022-11-02 12:00:00,7.435997171450611
2022-11-03 12:00:00,7.283930471864607
2022-11-04 12:00:00,6.7097721263732755
2022-11-05 12:00:00,7.587230788058854
2022-11-06 12:00:00,8.265836556061045
2022-11-07 12:00:00,8.578874729734814
2022-11-08 12:00:00,9.13102727799918
2022-11-09 12:00:00,7.634258093556287
2022-11-10 12:00:00,9.27054055438664
2022-11-11 12:00:00,11.72934785566126
2022-11-12 12:00:00,10.119314573343658
2022-11-13 12:00:00,11.552221733434505
2022-11-14 12:00:00,10.112115400147054
2022-11-15 12:00:00,8.62232894187226
2022-11-16 12:00:00,5.537335004543379
2022-11-17 12:00:00,6.496811281729479
2022-11-18 12:00:00,7.526202106175733
2022-11-19 12:00:00,3.112314256353085
2022-11-20 12:00:00,6.441460956852656
2022-11-21 12:00:00,6.27755769977863
2022-11-22 12:00:00,4.80941041291871
2022-11-23 12:00:00,4.560299393471769
2022-11-24 12:00:00,6.264093961172469
2022-11-25 12:00:00,6.887996612042488
2022-11-26 12:00:00,6.291597690473145
2022-11-27 12:00:00,8.27734205638432
2022-11-28 12:00:00,5.424611592827237
2022-11-29 12:00:00,4.175878987713268
2022-11-30 12:00:00,5.639552974909055
2022-12-01 12:00:00,4.605511924550479
2022-12-02 12:00:00,2.550770503155764
2022-12-03 12:00:00,2.180448489718387
2022-12-04 12:00:00,2.080010529293913
2022-12-05 12:00:00,1.511233199907235
2022-12-06 12:00:00,2.737730753460118
2022-12-07 12:00:00,-0.5715392979689407
2022-12-08 12:00:00,-0.42744492014219304
2022-12-09 12:00:00,-2.6377830629938996
2022-12-10 12:00:00,-2.1406429216982374
2022-12-11 12:00:00,-0.7054956976285816
2022-12-12 12:00:00,-3.221424718952104
2022-12-13 12:00:00,-1.7037305109900878
2022-12-14 12:00:00,-1.0009799827568644
2022-12-15 12:00:00,-3.8542004906328007
2022-12-16 12:00:00,-3.955063874291948
2022-12-17 12:00:00,-0.646004194010378
2022-12-18 12:00:00,0.46719306956472106
2022-12-19 12:00:00,8.168837356452556
2022-12-20 12:00:00,4.644479361180585
2022-12-21 12:00:00,5.043287232067039
2022-12-22 12:00:00,6.736124882582437
2022-12-23 12:00:00,7.824455961346851
2022-12-24 12:00:00,6.290550447148025
2022-12-25 12:00:00,8.444993261740532
2022-12-26 12:00:00,3.9800783511194093
2022-12-27 12:00:00,3.17951855641843
2022-12-28 12:00:00,7.994483377031347
2022-12-29 12:00:00,5.150180323072444
2022-12-30 12:00:00,4.032484109844173
2022-12-31 12:00:00,8.413338352567003
2023-01-01 12:00:00,7.3394676269364165
2023-01-02 12:00:00,2.774315809144722
2023-01-03 12:00:00,3.0912165585940325
2023-01-04 12:00:00,10.113396060694233
2023-01-05 12:00:00,10.108209259668595
2023-01-06 12:00:00,5.012893006376439
2023-01-07 12:00:00,6.9366366381520805
2023-01-08 12:00:00,4.426630440630198
2023-01-09 12:00:00,4.715943640094723
2023-01-10 12:00:00,4.811532388462138
2023-01-11 12:00:00,6.146841525193254
2023-01-12 12:00:00,7.880143055502609
2023-01-13 12:00:00,5.173484079855568
2023-01-14 12:00:00,6.720237836850037
2023-01-15 12:00:00,2.3077271562773127
2023-01-16 12:00:00,1.0819249661939931
2023-01-17 12:00:00,-0.47757779739194284
2023-01-18 12:00:00,-0.22146884042816373
2023-01-19 12:00:00,1.1086613968454195
2023-01-20 12:00:00,-0.2577638320686222
2023-01-21 12:00:00,0.5144575421335209
2023-01-22 12:00:00,1.681619002499665
2023-01-23 12:00:00,3.6736466072440552
2023-01-24 12:00:00,-1.3231209327334095
2023-01-25 12:00:00,-1.1022495056373702
2023-01-26 12:00:00,1.85612847442235
2023-01-27 12:00:00,-0.07899348452755994
2023-01-28 12:00:00,1.0073545810400049
2023-01-29 12:00:00,1.5516118681086841
2023-01-30 12:00:00,4.585928144443949
2023-01-31 12:00:00,4.106603995525671
2023-02-01 12:00:00,5.358163258374518
2023-02-02 12:00:00,7.023990611606547
2023-02-03 12:00:00,7.837263520937037
2023-02-04 12:00:00,6.569426209992695
2023-02-05 12:00:00,4.4704228201222005
2023-02-06 12:00:00,0.8253693210381545
2023-02-07 12:00:00,0.4942664340883154
2023-02-08 12:00:00,0.5686112025098118
2023-02-09 12:00:00,3.050545579345826
2023-02-10 12:00:00,0.852757017092223
2023-02-11 12:00:00,4.544795910896551
2023-02-12 12:00:00,3.505171146272322
2023-02-13 12:00:00,3.939543819151508
2023-02-14 12:00:00,4.756050690937382
2023-02-15 12:00:00,5.336644215361601
2023-02-16 12:00:00,5.552349458937064
2023-02-17 12:00:00,8.912737182347897
2023-02-18 12:00:00,8.702711348898763
2023-02-19 12:00:00,4.740311191371491
2023-02-20 12:00:00,6.07323064546726
2023-02-21 12:00:00,5.206935428873583
2023-02-22 12:00:00,5.171002165621582
2023-02-23 12:00:00,2.172066201072019
2023-02-24 12:00:00,-0.3304653939532627
2023-02-25 12:00:00,0.778150820950259
2023-02-26 12:00:00,0.29722230760949175
2023-02-27 12:00:00,-0.9676969389448757
2023-02-28 12:00:00,-0.21663507939671867
2023-03-01 12:00:00,3.027074256593907
2023-03-02 12:00:00,2.25844484165999
2023-03-03 12:00:00,-0.74989273321677
2023-03-04 12:00:00,2.0383595671572596
2023-03-05 12:00:00,1.4582816268571617
2023-03-06 12:00:00,0.4863339755716285
2023-03-07 12:00:00,2.169793414325361
2023-03-08 12:00:00,2.4952572329589957
2023-03-09 12:00:00,5.71484647117593
2023-03-10 12:00:00,2.9887109675096064
2023-03-11 12:00:00,1.4171522765623865
2023-03-12 12:00:00,4.456722894763747
2023-03-13 12:00:00,9.260789109474032
2023-03-14 12:00:00,4.368150311040471
2023-03-15 12:00:00,1.9901967106926488
2023-03-16 12:00:00,5.345636176493093
2023-03-17 12:00:00,9.014503525944896
2023-03-18 12:00:00,7.848145921212176
2023-03-19 12:00:00,3.1824886956028364
2023-03-20 12:00:00,6.562821225935079
2023-03-21 12:00:00,8.97814642386567
2023-03-22 12:00:00,7.22016382208596
2023-03-23 12:00:00,6.349103008196258
2023-03-24 12:00:00,5.513433172266026
2023-03-25 12:00:00,5.933639590437914
2023-03-26 12:00:00,4.658570880913201
2023-03-27 12:00:00,1.8237214719562993
2023-03-28 12:00:00,5.565861782047029
2023-03-29 12:00:00,8.706019308775817
2023-03-30 12:00:00,9.787517557773574
2023-03-31 12:00:00,8.573359468019582
2023-04-01 12:00:00,7.891283777320232
2023-04-02 12:00:00,5.5811651367500525
2023-04-03 12:00:00,3.7416903813287368
2023-04-04 12:00:00,1.3281433603927315
2023-04-05 12:00:00,5.2484186889976225
2023-04-06 12:00:00,7.8225531038391525
2023-04-07 12:00:00,2.88064458753738
2023-04-08 12:00:00,4.374861159576013
2023-04-09 12:00:00,5.885030181414635
2023-04-10 12:00:00,9.48919936816624
2023-04-11 12:00:00,5.873703742363736
2023-04-12 12:00:00,3.4561374842117836
2023-04-13 12:00:00,3.6249916184346396
2023-04-14 12:00:00,5.0733287254051875
2023-04-15 12:00:00,4.6365740395577655
2023-04-16 12:00:00,8.080807427777557
2023-04-17 12:00:00,9.569380395988084
2023-04-18 12:00:00,4.887077278800114
2023-04-19 12:00:00,5.244277394188315
2023-04-20 12:00:00,5.249369507453374
2023-04-21 12:00:00,3.3122451653675355
2023-04-22 12:00:00,3.4207077574869844
2023-04-23 12:00:00,3.678730160354094
2023-04-24 12:00:00,4.497968365652676
2023-04-25 12:00:00,2.712173902230337
2023-04-26 12:00:00,6.222024744607204
2023-04-27 12:00:00,8.677239024677291
2023-04-28 12:00:00,9.391658064126013
2023-04-29 12:00:00,8.991208492233127
2023-04-30 12:00:00,9.530702418176183
2023-05-01 12:00:00,9.030574979088893
2023-05-02 12:00:00,6.76820152339544
2023-05-03 12:00:00,8.829280574560316
2023-05-04 12:00:00,10.718028329245563
2023-05-05 12:00:00,10.9049630733622
2023-05-06 12:00:00,11.0277764685846
2023-05-07 12:00:00,9.832834019415948
2023-05-08 12:00:00,10.628818734787572
2023-05-09 12:00:00,11.208214488614068
2023-05-10 12:00:00,8.30904023129531
2023-05-11 12:00:00,9.035926086265048
2023-05-12 12:00:00,6.3228985100125445
2023-05-13 12:00:00,8.502869278531314
2023-05-14 12:00:00,8.013069152317325
2023-05-15 12:00:00,8.073733713430519
2023-05-16 12:00:00,4.941320736464437
2023-05-17 12:00:00,6.602075697490394
2023-05-18 12:00:00,7.957747263672596
2023-05-19 12:00:00,7.9057471347831685
2023-05-20 12:00:00,9.049657276938149
2023-05-21 12:00:00,8.109247717029254
2023-05-22 12:00:00,9.561709094081772
2023-05-23 12:00:00,7.464003406394806
2023-05-24 12:00:00,7.883402930966579
2023-05-25 12:00:00,8.169571617131139
2023-05-26 12:00:00,9.832501416680909
2023-05-27 12:00:00,7.319615052640464
2023-05-28 12:00:00,10.26871631285218
2023-05-29 12:00:00,10.002177675737155
2023-05-30 12:00:00,7.041644549807825
2023-05-31 12:00:00,9.295971644085594
2023-06-01 12:00:00,8.546420683689657
2023-06-02 12:00:00,7.344170914053752
2023-06-03 12:00:00,7.232524060673762
2023-06-04 12:00:00,9.692272935455534
2023-06-05 12:00:00,9.928363943824348
2023-06-06 12:00:00,8.467336719188333
2023-06-07 12:00:00,8.428323752165802
2023-06-08 12:00:00,13.500451960137642
2023-06-09 12:00:00,15.602528727940058
2023-06-10 12:00:00,15.396737647357753
2023-06-11 12:00:00,13.735716271532823
2023-06-12 12:00:00,13.8315955294762
2023-06-13 12:00:00,13.278463380680039
2023-06-14 12:00:00,13.876662954706456
2023-06-15 12:00:00,12.653428280283602
2023-06-16 12:00:00,13.051696273371192
2023-06-17 12:00:00,14.12356798776364
2023-06-18 12:00:00,12.59531927818468
2023-06-19 12:00:00,13.602780761707397
2023-06-20 12:00:00,13.689772428366819
2023-06-21 12:00:00,11.92860990260941
2023-06-22 12:00:00,12.267596701785749
2023-06-23 12:00:00,12.16932395993614
2023-06-24 12:00:00,16.717674405102134
2023-06-25 12:00:00,15.02507654834927
2023-06-26 12:00:00,12.305658415246238
2023-06-27 12:00:00,11.782752673078843
2023-06-28 12:00:00,15.264024668332722
2023-06-29 12:00:00,12.081283778834955
2023-06-30 12:00:00,10.643642549126705
2023-07-01 12:00:00,13.50494425420386
2023-07-02 12:00:00,12.226308314038572
2023-07-03 12:00:00,11.652265481326047
2023-07-04 12:00:00,11.852110532725362
2023-07-05 12:00:00,10.976778452932392
2023-07-06 12:00:00,11.304399554684991
2023-07-07 12:00:00,14.68616850459614
2023-07-08 12:00:00,16.197303471914516
2023-07-09 12:00:00,12.326755144983244
2023-07-10 12:00:00,13.14663209503789
2023-07-11 12:00:00,13.860440956430931
2023-07-12 12:00:00,12.106340680069458
2023-07-13 12:00:00,13.228197086475204
2023-07-14 12:00:00,12.8383900219492
2023-07-15 12:00:00,13.110670020343317
2023-07-16 12:00:00,11.628729291622543
2023-07-17 12:00:00,10.850941124664189
2023-07-18 12:00:00,10.689722766007861
2023-07-19 12:00:00,13.775921145194518
2023-07-20 12:00:00,9.778276849094809
2023-07-21 12:00:00,9.119304950433808
2023-07-22 12:00:00,11.554372346181868
2023-07-23 12:00:00,13.665586790396606
2023-07-24 12:00:00,13.535133771675042
2023-07-25 12:00:00,10.412933791119624
2023-07-26 12:00:00,8.752746133970955
2023-07-27 12:00:00,14.126424985052612
2023-07-28 12:00:00,14.464419629372031
2023-07-29 12:00:00,13.43084200497375
2023-07-30 12:00:00,12.912276471521222
2023-07-31 12:00:00,14.68691362155586
2023-08-01 12:00:00,14.229328677746524
2023-08-02 12:00:00,13.103112273275379
2023-08-03 12:00:00,14.12745333143329
2023-08-04 12:00:00,12.717302544417443
2023-08-05 12:00:00,11.669068206691179
2023-08-06 12:00:00,11.188831220148971
2023-08-07 12:00:00,9.60171035804086
2023-08-08 12:00:00,12.388151246136783
2023-08-09 12:00:00,14.832672476177743
2023-08-10 12:00:00,14.037450500565551
2023-08-11 12:00:00,14.920454995209745
2023-08-12 12:00:00,14.135720998968173
2023-08-13 12:00:00,13.520224085638079
2023-08-14 12:00:00,14.299905962159714
2023-08-15 12:00:00,11.394628817085216
2023-08-16 12:00:00,10.383279380328334
2023-08-17 12:00:00,12.73668760225198
2023-08-18 12:00:00,16.664457878606996
2023-08-19 12:00:00,15.363585429302999
2023-08-20 12:00:00,13.483024479656079
2023-08-21 12:00:00,14.623226900872393
2023-08-22 12:00:00,15.027297375888809
2023-08-23 12:00:00,12.187394052950287
2023-08-24 12:00:00,13.4693321941127
2023-08-25 12:00:00,10.005204509201679
2023-08-26 12:00:00,11.936096578805838
2023-08-27 12:00:00,12.687586411242531
2023-08-28 12:00:00,11.263593843655856
2023-08-29 12:00:00,11.468154434335673
2023-08-30 12:00:00,10.337332703083149
2023-08-31 12:00:00,11.00037698133495
2023-09-01 12:00:00,12.890882846360352
2023-09-02 12:00:00,10.751603002126755
2023-09-03 12:00:00,14.018280213657446
2023-09-04 12:00:00,16.7878487121059
2023-09-05 12:00:00,18.668473917065384
2023-09-06 12:00:00,15.290011582265997
2023-09-07 12:00:00,18.085428188432758
2023-09-08 12:00:00,15.415400194473591
2023-09-09 12:00:00,16.15191663091163
2023-09-10 12:00:00,17.96725598254106
2023-09-11 12:00:00,15.408045180630669
2023-09-12 12:00:00,15.043642668808353
2023-09-13 12:00:00,11.702957327541561
2023-09-14 12:00:00,9.794968074187748
2023-09-15 12:00:00,11.285992082809365
2023-09-16 12:00:00,13.531363251775318
2023-09-17 12:00:00,14.948806293719358
2023-09-18 12:00:00,13.258703192142272
2023-09-19 12:00:00,12.23574349420923
2023-09-20 12:00:00,15.097960212592488
2023-09-21 12:00:00,7.350344748958874
2023-09-22 12:00:00,8.254955446425303
2023-09-23 12:00:00,6.772374868449157
2023-09-24 12:00:00,12.115230829673912
2023-09-25 12:00:00,12.809012842096497
2023-09-26 12:00:00,13.598099494407329
2023-09-27 12:00:00,11.308766298849225
2023-09-28 12:00:00,11.145911570164493
2023-09-29 12:00:00,11.852358895578554
2023-09-30 12:00:00,9.95852372153137
2023-10-01 12:00:00,13.735288301925536
2023-10-02 12:00:00,13.897373841509737
2023-10-03 12:00:00,10.833429769292323
2023-10-04 12:00:00,9.36567380253122
2023-10-05 12:00:00,10.151188223223171
2023-10-06 12:00:00,11.844643762099476
2023-10-07 12:00:00,11.850388187020293
2023-10-08 12:00:00,12.35452772576281
2023-10-09 12:00:00,11.406311076334877
2023-10-10 12:00:00,12.605093140890794
2023-10-11 12:00:00,13.594896987430431
2023-10-12 12:00:00,14.616126596528673
2023-10-13 12:00:00,14.838100359738824
2023-10-14 12:00:00,8.449154410467987
2023-10-15 12:00:00,4.7413167996950865
2023-10-16 12:00:00,4.923756499875936
2023-10-17 12:00:00,9.08137264396008
2023-10-18 12:00:00,11.647060999073577
2023-10-19 12:00:00,12.06761818101202
2023-10-20 12:00:00,9.362758885584983
2023-10-21 12:00:00,10.481496755866223
2023-10-22 12:00:00,6.128020788801115
2023-10-23 12:00:00,9.519256951116219
2023-10-24 12:00:00,6.381684719075517
2023-10-25 12:00:00,7.452726948486778
2023-10-26 12:00:00,8.068944337550207
2023-10-27 12:00:00,7.2944500615661525
2023-10-28 12:00:00,8.55842724980006
2023-10-29 12:00:00,7.499192961207085
2023-10-30 12:00:00,8.806863375649568
2023-10-31 12:00:00,8.16349161811092
2023-11-01 12:00:00,9.487327387571899
2023-11-02 12:00:00,6.345597888677368
2023-11-03 12:00:00,4.890439026271879
2023-11-04 12:00:00,5.614603819939874
2023-11-05 12:00:00,7.289425465064085
2023-11-06 12:00:00,6.79823173312584
2023-11-07 12:00:00,6.606422675488533
2023-11-08 12:00:00,5.971246107229967
2023-11-09 12:00:00,4.821116891480574
2023-11-10 12:00:00,6.104478606944897
2023-11-11 12:00:00,4.514114880394763
2023-11-12 12:00:00,5.5637204313852875
2023-11-13 12:00:00,8.851010995389604
2023-11-14 12:00:00,9.947542203557198
2023-11-15 12:00:00,7.756756119056114
2023-11-16 12:00:00,6.063935820109876
2023-11-17 12:00:00,6.097676221904893
2023-11-18 12:00:00,7.979475876758144
2023-11-19 12:00:00,10.694593817564176
2023-11-20 12:00:00,8.555585095096777
2023-11-21 12:00:00,8.024949309431097
2023-11-22 12:00:00,5.338468831213026
2023-11-23 12:00:00,8.407594503534284
2023-11-24 12:00:00,8.618901177028889
2023-11-25 12:00:00,1.2631584692149707
2023-11-26 12:00:00,2.524799605983654
2023-11-27 12:00:00,8.317358867441953
2023-11-28 12:00:00,2.110912186520583
2023-11-29 12:00:00,3.116199229799658
2023-11-30 12:00:00,0.25023352230377327
2023-12-01 12:00:00,-0.9737948647061563
2023-12-02 12:00:00,-2.06345748848256
2023-12-03 12:00:00,-0.544503768426293
2023-12-04 12:00:00,5.924011128794638
2023-12-05 12:00:00,5.6456509585874155
2023-12-06 12:00:00,0.9569257025261302
2023-12-07 12:00:00,3.749482998496176
2023-12-08 12:00:00,7.1696239112288245
2023-12-09 12:00:00,7.492310255354731
2023-12-10 12:00:00,8.14642306476732
2023-12-11 12:00:00,7.736871230019306
2023-12-12 12:00:00,7.941005815295021
2023-12-13 12:00:00,7.085881355222122
2023-12-14 12:00:00,5.163372786208325
2023-12-15 12:00:00,5.879990601150725
2023-12-16 12:00:00,7.0901577015727035
2023-12-17 12:00:00,8.763601853564998
2023-12-18 12:00:00,8.217351998189013
2023-12-19 12:00:00,9.784743510128138
2023-12-20 12:00:00,6.629432872448725
2023-12-21 12:00:00,8.65587302378627
2023-12-22 12:00:00,9.675354709425989
2023-12-23 12:00:00,8.030420507995153
2023-12-24 12:00:00,8.586046080733201
2023-12-25 12:00:00,10.704915054871751
2023-12-26 12:00:00,6.699481294947377
2023-12-27 12:00:00,6.25850481584138
2023-12-28 12:00:00,8.231419394866897
2023-12-29 12:00:00,6.8296602543672655
2023-12-30 12:00:00,6.369844289620864
2023-12-31 12:00:00,4.770791166700311
2024-01-01 12:00:00,5.55316622464216
2024-01-02 12:00:00,5.906463917669382
2024-01-03 12:00:00,7.380706469697229
2024-01-04 12:00:00,4.225734311164503
2024-01-05 12:00:00,4.002266536837936
2024-01-06 12:00:00,4.094446747492899
2024-01-07 12:00:00,0.6689978423392655
2024-01-08 12:00:00,-2.241988655653675
2024-01-09 12:00:00,-2.36347728115913
2024-01-10 12:00:00,-1.1453244489137835
2024-01-11 12:00:00,-0.49979665887293256
2024-01-12 12:00:00,0.12008983386088579
2024-01-13 12:00:00,0.4036494402051014
2024-01-14 12:00:00,-0.40891759460685906
2024-01-15 12:00:00,0.7539294646283734
2024-01-16 12:00:00,-1.388969367960343
2024-01-17 12:00:00,1.0870401943248185
2024-01-18 12:00:00,-4.496653730922688
2024-01-19 12:00:00,-1.6323966165077652
2024-01-20 12:00:00,0.6436785641245382
2024-01-21 12:00:00,6.421742789494894
2024-01-22 12:00:00,7.14380763283299
2024-01-23 12:00:00,6.658709357026369
2024-01-24 12:00:00,8.192284225827466
2024-01-25 12:00:00,8.651677881703911
2024-01-26 12:00:00,5.68259929621658
2024-01-27 12:00:00,2.3384113597334872
2024-01-28 12:00:00,6.347858041765448
2024-01-29 12:00:00,9.349375286349293
2024-01-30 12:00:00,2.785841820294361
2024-01-31 12:00:00,0.9307824227608421
2024-02-01 12:00:00,3.762061485480463
2024-02-02 12:00:00,4.205544778806664
2024-02-03 12:00:00,8.86921038202182
2024-02-04 12:00:00,9.530625670765605
2024-02-05 12:00:00,7.54655149257971
2024-02-06 12:00:00,8.17228540704373
2024-02-07 12:00:00,7.644753572899039
2024-02-08 12:00:00,6.5853270803416315
2024-02-09 12:00:00,9.376781637336876
2024-02-10 12:00:00,4.073792249474792
2024-02-11 12:00:00,6.374799327958835
2024-02-12 12:00:00,2.4512512221606837
2024-02-13 12:00:00,3.5101448985026664
2024-02-14 12:00:00,8.421477017971583
2024-02-15 12:00:00,10.721637646727775
2024-02-16 12:00:00,7.848849215654051
2024-02-17 12:00:00,8.267597714710423
2024-02-18 12:00:00,10.385334139432459
2024-02-19 12:00:00,7.99735961838306
2024-02-20 12:00:00,6.79594125400958
2024-02-21 12:00:00,8.053321667118805
2024-02-22 12:00:00,6.181006351978409
2024-02-23 12:00:00,3.3759828486378076
2024-02-24 12:00:00,1.9012540586908249
2024-02-25 12:00:00,2.44245526295918
2024-02-26 12:00:00,3.0807888078648755
2024-02-27 12:00:00,0.7940013006367728
2024-02-28 12:00:00,3.1678579633730743
2024-02-29 12:00:00,6.540735425835487
2024-03-01 12:00:00,1.8566410800335111
2024-03-02 12:00:00,0.015531368821578795
2024-03-03 12:00:00,1.1312696729413965
2024-03-04 12:00:00,1.5426677706352177
2024-03-05 12:00:00,2.634812385088364
2024-03-06 12:00:00,2.1908809416682296
2024-03-07 12:00:00,5.664497026975436
2024-03-08 12:00:00,5.704421288112079
2024-03-09 12:00:00,5.759416035161601
2024-03-10 12:00:00,5.648535174525687
2024-03-11 12:00:00,4.148360620307588
2024-03-12 12:00:00,6.041485165507653
2024-03-13 12:00:00,9.752636418422458
2024-03-14 12:00:00,9.4790627107526
2024-03-15 12:00:00,9.733266552149345
2024-03-16 12:00:00,5.218457632937486
2024-03-17 12:00:00,9.140251171856551
2024-03-18 12:00:00,7.3077604295021406
2024-03-19 12:00:00,10.002835955837188
2024-03-20 12:00:00,9.52002753798839
2024-03-21 12:00:00,7.2327873469833275
2024-03-22 12:00:00,6.507046756075757
2024-03-23 12:00:00,4.273303439207847
2024-03-24 12:00:00,5.713154261943392
2024-03-25 12:00:00,6.692772249942306
2024-03-26 12:00:00,3.487258417594711
2024-03-27 12:00:00,1.8091439955159276
2024-03-28 12:00:00,1.031384955674544
2024-03-29 12:00:00,4.170006122842317
2024-03-30 12:00:00,3.923868314686736
2024-03-31 12:00:00,7.33267264445607
2024-04-01 12:00:00,3.8778201041750133
2024-04-02 12:00:00,6.277548488223613
2024-04-03 12:00:00,7.883818086395783
2024-04-04 12:00:00,7.776960675782702
2024-04-05 12:00:00,10.003293201472783
2024-04-06 12:00:00,9.968074371976023
2024-04-07 12:00:00,8.701975438567896
2024-04-08 12:00:00,9.462818018133317
2024-04-09 12:00:00,5.478906177771721
2024-04-10 12:00:00,4.972004941331089
2024-04-11 12:00:00,9.655805564377452
2024-04-12 12:00:00,8.733547724714981
2024-04-13 12:00:00,7.821240790738747
2024-04-14 12:00:00,6.587069021946204
2024-04-15 12:00:00,6.3470479403725415
2024-04-16 12:00:00,6.857030129016726
2024-04-17 12:00:00,4.785033780336841
2024-04-18 12:00:00,2.424716407093224
2024-04-19 12:00:00,7.550515136869526
2024-04-20 12:00:00,3.8602431705005418
2024-04-21 12:00:00,4.350597849120011
2024-04-22 12:00:00,4.9847987905909985
2024-04-23 12:00:00,5.425095241236768
2024-04-24 12:00:00,4.306989343323439
2024-04-25 12:00:00,5.4938548250340435
2024-04-26 12:00:00,5.327879033144563
2024-04-27 12:00:00,6.0006241476737
2024-04-28 12:00:00,5.916515417461617
2024-04-29 12:00:00,5.2200968904613125
2024-04-30 12:00:00,8.766204051682305
2024-05-01 12:00:00,5.650900414647246
2024-05-02 12:00:00,7.299657516517033
2024-05-03 12:00:00,6.035464559601176
2024-05-04 12:00:00,4.696585298107664
2024-05-05 12:00:00,8.602061481026558
2024-05-06 12:00:00,8.831204085358248
2024-05-07 12:00:00,9.379718209022357
2024-05-08 12:00:00,6.589638186764224
2024-05-09 12:00:00,9.074657940331079
2024-05-10 12:00:00,10.875150639041241
2024-05-11 12:00:00,11.151802388342958
2024-05-12 12:00:00,12.06980253725497
2024-05-13 12:00:00,10.749908199059766
2024-05-14 12:00:00,10.515056811552215
2024-05-15 12:00:00,10.71688435060059
2024-05-16 12:00:00,10.124387184619392
2024-05-17 12:00:00,9.727721481353639
2024-05-18 12:00:00,8.89981061650109
2024-05-19 12:00:00,10.498329416051256
2024-05-20 12:00:00,11.621599665199096
2024-05-21 12:00:00,9.79150677945885
2024-05-22 12:00:00,11.584660910930141
2024-05-23 12:00:00,10.397741593376576
2024-05-24 12:00:00,9.717372618651671
2024-05-25 12:00:00,7.161340256814897
2024-05-26 12:00:00,10.242878834188614
2024-05-27 12:00:00,7.343748536876135
2024-05-28 12:00:00,11.374813477358106
2024-05-29 12:00:00,11.420511029784741
2024-05-30 12:00:00,10.812423548067828
2024-05-31 12:00:00,10.633165910608014
2024-06-01 12:00:00,9.402116687359952
2024-06-02 12:00:00,10.613605766586424
2024-06-03 12:00:00,10.23241230571793
2024-06-04 12:00:00,10.585766560626217
2024-06-05 12:00:00,6.396525666640262
2024-06-06 12:00:00,6.540065599334907
2024-06-07 12:00:00,6.540838498096271
2024-06-08 12:00:00,10.375013337538753
2024-06-09 12:00:00,6.416893433117787
2024-06-10 12:00:00,10.265150009108176
2024-06-11 12:00:00,5.736646632119657
2024-06-12 12:00:00,8.035906535048536
2024-06-13 12:00:00,5.940729919246725
2024-06-14 12:00:00,9.97093477214901
2024-06-15 12:00:00,8.179175098856225
2024-06-16 12:00:00,10.159951033188763
2024-06-17 12:00:00,7.844541014132263
2024-06-18 12:00:00,9.601857085223083
2024-06-19 12:00:00,8.382655062023302
2024-06-20 12:00:00,9.930133838130624
2024-06-21 12:00:00,9.82246368357726
2024-06-22 12:00:00,11.542098284229471
2024-06-23 12:00:00,13.61187447535509
2024-06-24 12:00:00,13.821114360259706
2024-06-25 12:00:00,10.608329767571052
2024-06-26 12:00:00,12.22260627479014
2024-06-27 12:00:00,13.070918815775542
2024-06-28 12:00:00,10.82187164576112
2024-06-29 12:00:00,8.433811371037443
2024-06-30 12:00:00,12.825865477735025
2024-07-01 12:00:00,11.839572645278418
2024-07-02 12:00:00,10.405768265912311
2024-07-03 12:00:00,10.686163526376541
2024-07-04 12:00:00,11.080970606870629
2024-07-05 12:00:00,11.88281151631572
2024-07-06 12:00:00,8.811515785828844
2024-07-07 12:00:00,9.872333132784073
2024-07-08 12:00:00,11.056284322064627
2024-07-09 12:00:00,12.366566286949759
2024-07-10 12:00:00,13.37277189471033
2024-07-11 12:00:00,10.412131437084108
2024-07-12 12:00:00,11.488313277584728
2024-07-13 12:00:00,10.17075035410542
2024-07-14 12:00:00,8.60690109098465
2024-07-15 12:00:00,11.186505347207987
2024-07-16 12:00:00,12.526563353015
2024-07-17 12:00:00,11.485278694593173
2024-07-18 12:00:00,12.708813664893714
2024-07-19 12:00:00,13.079519647759518
2024-07-20 12:00:00,15.68158369475087
2024-07-21 12:00:00,12.293862727826752
2024-07-22 12:00:00,14.295905574545625
2024-07-23 12:00:00,13.424661992632295
2024-07-24 12:00:00,13.08600691259711
2024-07-25 12:00:00,14.042989434561118
2024-07-26 12:00:00,12.180213431810637
2024-07-27 12:00:00,9.172302330997073
2024-07-28 12:00:00,10.21808384755807
2024-07-29 12:00:00,12.159357357428155
2024-07-30 12:00:00,13.010970737187291
2024-07-31 12:00:00,14.397485791318426
2024-08-01 12:00:00,15.591192422508046
2024-08-02 12:00:00,12.697132823718954
2024-08-03 12:00:00,12.981214434867534
2024-08-04 12:00:00,11.287845644072455
2024-08-05 12:00:00,15.275910154515216
2024-08-06 12:00:00,11.696970417731434
2024-08-07 12:00:00,12.013533110125003
2024-08-08 12:00:00,12.739278261447044
2024-08-09 12:00:00,13.606767333167625
2024-08-10 12:00:00,12.957234613758214
2024-08-11 12:00:00,17.43392649445743
2024-08-12 12:00:00,16.982596644798193
2024-08-13 12:00:00,11.160302186141044
2024-08-14 12:00:00,13.175375949673727
2024-08-15 12:00:00,10.274982453161037
2024-08-16 12:00:00,11.00134617250544
2024-08-17 12:00:00,9.794663374294256
2024-08-18 12:00:00,11.718852116219361
2024-08-19 12:00:00,13.878743662772907
2024-08-20 12:00:00,12.786547721424935
2024-08-21 12:00:00,11.33731241988073
2024-08-22 12:00:00,14.671469128213998
2024-08-23 12:00:00,12.843668338364285
2024-08-24 12:00:00,11.887708679616457
2024-08-25 12:00:00,9.528945533621659
2024-08-26 12:00:00,12.863193033559247
2024-08-27 12:00:00,14.7115858896371
2024-08-28 12:00:00,13.429361627091767
2024-08-29 12:00:00,9.97389599060947
2024-08-30 12:00:00,8.554453621441391
2024-08-31 12:00:00,10.886333645062583
2024-09-01 12:00:00,15.09184739535997
2024-09-02 12:00:00,15.076040053105501
2024-09-03 12:00:00,12.969730076705158
2024-09-04 12:00:00,11.052327833854697
2024-09-05 12:00:00,7.970390173141813
2024-09-06 12:00:00,11.34981904563326
2024-09-07 12:00:00,11.127706514597516
2024-09-08 12:00:00,12.774271390762333
2024-09-09 12:00:00,11.354404540339832
2024-09-10 12:00:00,11.048625741792902
2024-09-11 12:00:00,9.595059048248688
2024-09-12 12:00:00,6.785920276908951
2024-09-13 12:00:00,4.472916277403643
2024-09-14 12:00:00,6.079676251075227
2024-09-15 12:00:00,9.558655411431987
2024-09-16 12:00:00,13.0452781732498
2024-09-17 12:00:00,9.358700548169283
2024-09-18 12:00:00,10.640733839125607
2024-09-19 12:00:00,12.425337521956028
2024-09-20 12:00:00,11.947458845041009
2024-09-21 12:00:00,12.277048682063063
2024-09-22 12:00:00,13.43589021670934
2024-09-23 12:00:00,13.257339246560393
2024-09-24 12:00:00,12.327127218687533
2024-09-25 12:00:00,10.040692773229646
2024-09-26 12:00:00,11.601056139085145
2024-09-27 12:00:00,8.269198744755224
2024-09-28 12:00:00,5.5806536227763415
2024-09-29 12:00:00,7.20534535766591
2024-09-30 12:00:00,10.408116488954144
2024-10-01 12:00:00,8.292647831496065
2024-10-02 12:00:00,8.761520288868969
2024-10-03 12:00:00,6.702947377994643
2024-10-04 12:00:00,7.976890988194238
2024-10-05 12:00:00,9.901611492973085
2024-10-06 12:00:00,10.351807420717707
2024-10-07 12:00:00,10.907002821070709
2024-10-08 12:00:00,11.142962330345306
2024-10-09 12:00:00,11.11340596332132
2024-10-10 12:00:00,7.1894196569639295
2024-10-11 12:00:00,3.5942302058967623
2024-10-12 12:00:00,8.123935544709063
2024-10-13 12:00:00,4.9086180687639285
2024-10-14 12:00:00,7.610693786508247
2024-10-15 12:00:00,11.564525135631039
2024-10-16 12:00:00,14.231058124761738
2024-10-17 12:00:00,9.834075021366587
2024-10-18 12:00:00,6.830494152945665
2024-10-19 12:00:00,10.347696885333315
2024-10-20 12:00:00,10.586969087480654
2024-10-21 12:00:00,9.58419053349973
2024-10-22 12:00:00,8.293884426437447
2024-10-23 12:00:00,7.374373422382749
2024-10-24 12:00:00,10.646779958321588
2024-10-25 12:00:00,11.074649156804384
2024-10-26 12:00:00,9.488970139010531
2024-10-27 12:00:00,7.844830962019699
2024-10-28 12:00:00,8.661647392457315
2024-10-29 12:00:00,10.44636089441185
2024-10-30 12:00:00,10.469981083846932
2024-10-31 12:00:00,9.216101495502688
2024-11-01 12:00:00,8.554948750731777
2024-11-02 12:00:00,6.808188157316618
2024-11-03 12:00:00,10.12971122539317
2024-11-04 12:00:00,10.186073859169294
2024-11-05 12:00:00,10.933021747787526
2024-11-06 12:00:00,12.149753758469453
2024-11-07 12:00:00,11.09563025721558
2024-11-08 12:00:00,10.822709844664942
2024-11-09 12:00:00,9.529440894631506
2024-11-10 12:00:00,9.955019665297744
2024-11-11 12:00:00,8.965281561089949
2024-11-12 12:00:00,3.5744666994501104
2024-11-13 12:00:00,4.89849858833405
2024-11-14 12:00:00,4.948477212040742
2024-11-15 12:00:00,5.339045336247565
2024-11-16 12:00:00,8.602596308589847
2024-11-17 12:00:00,6.419526561967294
2024-11-18 12:00:00,7.2982913633093
2024-11-19 12:00:00,7.82153050030597
2024-11-20 12:00:00,0.39068409084817635
2024-11-21 12:00:00,0.3023091142357952
2024-11-22 12:00:00,-0.220968213823439
2024-11-23 12:00:00,2.380318890657357
2024-11-24 12:00:00,12.128372904726422
2024-11-25 12:00:00,7.0863765575583475
2024-11-26 12:00:00,3.1918515027748455
2024-11-27 12:00:00,4.000146797480271
2024-11-28 12:00:00,2.842593284813912
2024-11-29 12:00:00,6.104125510036041
2024-11-30 12:00:00,11.013033926751485
2024-12-01 12:00:00,11.760993940865783
2024-12-02 12:00:00,7.012633761412813
2024-12-03 12:00:00,1.9293741966503895
2024-12-04 12:00:00,3.7911157412425784
2024-12-05 12:00:00,6.394957877269743
2024-12-06 12:00:00,4.887260192438465
2024-12-07 12:00:00,5.761243663089142
2024-12-08 12:00:00,6.309193141212957
2024-12-09 12:00:00,5.205008217974951
2024-12-10 12:00:00,4.538244361361392
2024-12-11 12:00:00,4.062295120295423
2024-12-12 12:00:00,4.165853052163954
2024-12-13 12:00:00,3.8949669581057598
2024-12-14 12:00:00,4.424343401042772
2024-12-15 12:00:00,5.093978130979364
2024-12-16 12:00:00,7.207871274100453
2024-12-17 12:00:00,7.2228446244220175
2024-12-18 12:00:00,9.084966468912743
2024-12-19 12:00:00,4.402411093855267
2024-12-20 12:00:00,4.550258603940582
2024-12-21 12:00:00,6.8724652382318885
2024-12-22 12:00:00,4.429917716138477
2024-12-23 12:00:00,3.323671889442012
2024-12-24 12:00:00,6.630306115081149
2024-12-25 12:00:00,7.945186225964825
2024-12-26 12:00:00,4.981546981627266
2024-12-27 12:00:00,4.0811837609061214
2024-12-28 12:00:00,5.878743787119872
2024-12-29 12:00:00,5.979133837757075
2024-12-30 12:00:00,6.167183896638068
2024-12-31 12:00:00,6.27865949781674
