Date,Rainfall
2020-01-01 12:00:00,0.4860918479971886
2020-01-02 12:00:00,8.84307594752812
2020-01-03 12:00:00,0.40058255960447425
2020-01-04 12:00:00,1.3482177901959709
2020-01-05 12:00:00,0.0006806794722544676
2020-01-06 12:00:00,4.922959402287517
2020-01-07 12:00:00,1.4478620953577472
2020-01-08 12:00:00,5.917206346384466
2020-01-09 12:00:00,8.70634602513348
2020-01-10 12:00:00,0.5852609336999259
2020-01-11 12:00:00,10.111655962496059
2020-01-12 12:00:00,1.3225399972444893
2020-01-13 12:00:00,8.901591722010819
2020-01-14 12:00:00,18.84088798590344
2020-01-15 12:00:00,0.4962270385102293
2020-01-16 12:00:00,17.087827999036598
2020-01-17 12:00:00,2.885657116371378
2020-01-18 12:00:00,0.08970691156730724
2020-01-19 12:00:00,0.010133941850629448
2020-01-20 12:00:00,0.09412120847479571
2020-01-21 12:00:00,0.13722085788475993
2020-01-22 12:00:00,0.01746516980280394
2020-01-23 12:00:00,0.00041675725635482855
2020-01-24 12:00:00,0.00025321172428924445
2020-01-25 12:00:00,4.3554222184146285
2020-01-26 12:00:00,9.012592901982295
2020-01-27 12:00:00,7.196794035615049
2020-01-28 12:00:00,3.8987642085482817
2020-01-29 12:00:00,2.7703065745723
2020-01-30 12:00:00,1.3398904948947667
2020-01-31 12:00:00,2.4546344064595202
2020-02-01 12:00:00,15.106923090976517
2020-02-02 12:00:00,0.027140191614234727
2020-02-03 12:00:00,5.441296431893853
2020-02-04 12:00:00,0.08874251849199673
2020-02-05 12:00:00,0.012748041504067786
2020-02-06 12:00:00,0.0024539560944615616
2020-02-07 12:00:00,3.1320158665220337
2020-02-08 12:00:00,5.223220109412462
2020-02-09 12:00:00,10.50155773075109
2020-02-10 12:00:00,6.710177703813109
2020-02-11 12:00:00,6.646372931345436
2020-02-12 12:00:00,27.434352884863433
2020-02-13 12:00:00,0.531263841635648
2020-02-14 12:00:00,14.128026289904586
2020-02-15 12:00:00,35.82117181604467
2020-02-16 12:00:00,10.96433071617747
2020-02-17 12:00:00,3.192806718792122
2020-02-18 12:00:00,6.789740142588114
2020-02-19 12:00:00,3.174820612485173
2020-02-20 12:00:00,3.996524483438603
2020-02-21 12:00:00,3.3465817824705937
2020-02-22 12:00:00,2.3101544519324997
2020-02-23 12:00:00,5.756968687780505
2020-02-24 12:00:00,8.505906696943326
2020-02-25 12:00:00,7.77009723788108
2020-02-26 12:00:00,14.973193674283516
2020-02-27 12:00:00,11.633170734390072
2020-02-28 12:00:00,24.573985707254455
2020-02-29 12:00:00,4.6208673115327645
2020-03-01 12:00:00,7.495246511677541
2020-03-02 12:00:00,1.525077655152619
2020-03-03 12:00:00,4.459060934026413
2020-03-04 12:00:00,8.700121001687721
2020-03-05 12:00:00,2.6157445643540576
2020-03-06 12:00:00,2.682128349924082
2020-03-07 12:00:00,10.064248697830209
2020-03-08 12:00:00,0.764497515614434
2020-03-09 12:00:00,11.094328158833559
2020-03-10 12:00:00,4.6748419937793395
2020-03-11 12:00:00,1.4498003049290284
2020-03-12 12:00:00,1.7135909659411992
2020-03-13 12:00:00,11.52472405433678
2020-03-14 12:00:00,19.028072248951588
2020-03-15 12:00:00,0.8436312881032894
2020-03-16 12:00:00,0.020014241702034943
2020-03-17 12:00:00,0.3112913248635403
2020-03-18 12:00:00,3.6151722200884078
2020-03-19 12:00:00,0.11983803389721683
2020-03-20 12:00:00,0.0018043192773532137
2020-03-21 12:00:00,0.0
2020-03-22 12:00:00,8.661330597021644e-06
2020-03-23 12:00:00,0.0005319623295152444
2020-03-24 12:00:00,5.410307717594821e-05
2020-03-25 12:00:00,0.001235658901647645
2020-03-26 12:00:00,0.0007614530358175138
2020-03-27 12:00:00,0.0
2020-03-28 12:00:00,4.250206497631313e-05
2020-03-29 12:00:00,0.0005208137941696874
2020-03-30 12:00:00,0.0
2020-03-31 12:00:00,3.384073437929148e-05
2020-04-01 12:00:00,0.0
2020-04-02 12:00:00,0.009725611807802825
2020-04-03 12:00:00,0.0006318663522119946
2020-04-04 12:00:00,0.0
2020-04-05 12:00:00,5.3771856619134875
2020-04-06 12:00:00,0.005155853897826662
2020-04-07 12:00:00,0.0014040237427677116
2020-04-08 12:00:00,0.0
2020-04-09 12:00:00,0.0
2020-04-10 12:00:00,0.0
2020-04-11 12:00:00,0.0
2020-04-12 12:00:00,0.0
2020-04-13 12:00:00,8.305470923850088e-05
2020-04-14 12:00:00,0.00016937316806424585
2020-04-15 12:00:00,3.712602593682513e-05
2020-04-16 12:00:00,3.730584082495926
2020-04-17 12:00:00,1.9559987236301333
2020-04-18 12:00:00,0.32480433595826613
2020-04-19 12:00:00,0.0
2020-04-20 12:00:00,1.7575557030508642
2020-04-21 12:00:00,0.0
2020-04-22 12:00:00,0.0003931592990878229
2020-04-23 12:00:00,0.0
2020-04-24 12:00:00,0.00040196366920548603
2020-04-25 12:00:00,0.0
2020-04-26 12:00:00,0.0
2020-04-27 12:00:00,10.285989466341384
2020-04-28 12:00:00,10.124787327426644
2020-04-29 12:00:00,9.796044636539317
2020-04-30 12:00:00,5.260672419224046
2020-05-01 12:00:00,0.0008151657437674199
2020-05-02 12:00:00,0.9678461950890072
2020-05-03 12:00:00,0.18314662007635318
2020-05-04 12:00:00,9.749057149697855
2020-05-05 12:00:00,0.04513169245172341
2020-05-06 12:00:00,1.055531292142537
2020-05-07 12:00:00,0.7814622491876415
2020-05-08 12:00:00,0.5176436430886263
2020-05-09 12:00:00,2.3486822808800906e-05
2020-05-10 12:00:00,0.0010484354537332091
2020-05-11 12:00:00,0.0
2020-05-12 12:00:00,0.0
2020-05-13 12:00:00,0.0
2020-05-14 12:00:00,0.0
2020-05-15 12:00:00,0.0
2020-05-16 12:00:00,0.0
2020-05-17 12:00:00,0.0
2020-05-18 12:00:00,0.00010093626061219918
2020-05-19 12:00:00,0.0839386712420716
2020-05-20 12:00:00,0.3326580196786474
2020-05-21 12:00:00,3.6231484051452725
2020-05-22 12:00:00,0.08330212577941007
2020-05-23 12:00:00,0.00021262509474688073
2020-05-24 12:00:00,0.0
2020-05-25 12:00:00,0.0006939283357033298
2020-05-26 12:00:00,0.00018506023531035637
2020-05-27 12:00:00,0.0
2020-05-28 12:00:00,0.0
2020-05-29 12:00:00,0.0
2020-05-30 12:00:00,0.0
2020-05-31 12:00:00,0.0
2020-06-01 12:00:00,0.0005616773222734034
2020-06-02 12:00:00,0.37913212333727603
2020-06-03 12:00:00,0.176630477273173
2020-06-04 12:00:00,3.6326828289839668
2020-06-05 12:00:00,2.191979097299249
2020-06-06 12:00:00,8.807913431719703
2020-06-07 12:00:00,0.018792854854820882
2020-06-08 12:00:00,10.710901175768893
2020-06-09 12:00:00,0.39248147890567114
2020-06-10 12:00:00,64.15589279888177
2020-06-11 12:00:00,2.5692445497245537
2020-06-12 12:00:00,10.084591084055358
2020-06-13 12:00:00,3.968706338843433
2020-06-14 12:00:00,0.5470742020803656
2020-06-15 12:00:00,0.23802409326136906
2020-06-16 12:00:00,6.900986370764966
2020-06-17 12:00:00,17.695216361555016
2020-06-18 12:00:00,30.143073411968977
2020-06-19 12:00:00,1.8611433139446287
2020-06-20 12:00:00,12.428496825448445
2020-06-21 12:00:00,0.16326909659634561
2020-06-22 12:00:00,0.016619892071584222
2020-06-23 12:00:00,0.0
2020-06-24 12:00:00,1.0550002974932594e-05
2020-06-25 12:00:00,0.2422091812195336
2020-06-26 12:00:00,14.602415322098688
2020-06-27 12:00:00,2.4693947864936034
2020-06-28 12:00:00,0.511760894149703
2020-06-29 12:00:00,4.127616374340227
2020-06-30 12:00:00,1.5059407688800655
2020-07-01 12:00:00,0.6346195779647484
2020-07-02 12:00:00,0.38207868675454115
2020-07-03 12:00:00,12.34514434575076
2020-07-04 12:00:00,4.09181042407762
2020-07-05 12:00:00,0.10185062293292481
2020-07-06 12:00:00,0.10328310719909707
2020-07-07 12:00:00,3.2852274574286247
2020-07-08 12:00:00,3.3168305158193654
2020-07-09 12:00:00,1.9009615916507019
2020-07-10 12:00:00,0.10565038304476518
2020-07-11 12:00:00,0.0005241004097004315
2020-07-12 12:00:00,0.0038535835823837678
2020-07-13 12:00:00,7.270684009248444
2020-07-14 12:00:00,0.28509469613919325
2020-07-15 12:00:00,0.0001604665992435743
2020-07-16 12:00:00,0.0023949744242210053
2020-07-17 12:00:00,0.510753039220261
2020-07-18 12:00:00,5.739642578921574
2020-07-19 12:00:00,0.0016462740765550562
2020-07-20 12:00:00,0.0016346213884966515
2020-07-21 12:00:00,0.0003754307045114286
2020-07-22 12:00:00,0.0018920188767901033
2020-07-23 12:00:00,3.566459692033936
2020-07-24 12:00:00,5.726198608773036
2020-07-25 12:00:00,6.26141384288653
2020-07-26 12:00:00,8.51296355772828
2020-07-27 12:00:00,0.9453841076170924
2020-07-28 12:00:00,0.06917960673262942
2020-07-29 12:00:00,0.0021753649441045996
2020-07-30 12:00:00,0.00021502563642778673
2020-07-31 12:00:00,1.1731342915818577
2020-08-01 12:00:00,2.901681308343699
2020-08-02 12:00:00,0.8900446203139609
2020-08-03 12:00:00,0.031682498486161184
2020-08-04 12:00:00,0.7355005273301481
2020-08-05 12:00:00,5.018180186082744
2020-08-06 12:00:00,0.243521043517711
2020-08-07 12:00:00,0.1419924689143921
2020-08-08 12:00:00,0.08062923034029489
2020-08-09 12:00:00,0.05051006637062221
2020-08-10 12:00:00,0.08668238661225725
2020-08-11 12:00:00,0.10532432226855959
2020-08-12 12:00:00,3.2490200550019153
2020-08-13 12:00:00,0.8057252006842021
2020-08-14 12:00:00,2.6733998474233003
2020-08-15 12:00:00,0.06201585148524848
2020-08-16 12:00:00,0.1080447516666285
2020-08-17 12:00:00,2.367498508099044
2020-08-18 12:00:00,30.937208053897276
2020-08-19 12:00:00,6.690959450493674
2020-08-20 12:00:00,3.8364712408242627
2020-08-21 12:00:00,1.3707808913059125
2020-08-22 12:00:00,0.6421013637605899
2020-08-23 12:00:00,5.102457086924464
2020-08-24 12:00:00,24.24028588860973
2020-08-25 12:00:00,2.5241983907182814
2020-08-26 12:00:00,9.8647269722287
2020-08-27 12:00:00,34.9657178980486
2020-08-28 12:00:00,2.8666055558205055
2020-08-29 12:00:00,0.205867679329285
2020-08-30 12:00:00,0.029926118212614393
2020-08-31 12:00:00,0.0016850097790975032
2020-09-01 12:00:00,0.0028402290388232295
2020-09-02 12:00:00,1.9248321753739825
2020-09-03 12:00:00,2.067180800906518
2020-09-04 12:00:00,0.659279916616731
2020-09-05 12:00:00,0.8114317035882999
2020-09-06 12:00:00,1.3057441780850096
2020-09-07 12:00:00,0.008245011579999737
2020-09-08 12:00:00,0.23353574180639644
2020-09-09 12:00:00,0.19986919512574824
2020-09-10 12:00:00,0.001415003123669611
2020-09-11 12:00:00,0.28064874898697895
2020-09-12 12:00:00,0.08966814839756826
2020-09-13 12:00:00,0.009267481020184784
2020-09-14 12:00:00,0.30188348189172104
2020-09-15 12:00:00,0.3746010974827025
2020-09-16 12:00:00,0.007573888258850022
2020-09-17 12:00:00,0.0005765602925685933
2020-09-18 12:00:00,5.209147955546229e-05
2020-09-19 12:00:00,0.2404128523885496
2020-09-20 12:00:00,0.005898835926820605
2020-09-21 12:00:00,0.0008469929851250675
2020-09-22 12:00:00,6.445400441419455
2020-09-23 12:00:00,9.078125771094188
2020-09-24 12:00:00,20.46954633033725
2020-09-25 12:00:00,2.385101313718203
2020-09-26 12:00:00,0.0010156883689919174
2020-09-27 12:00:00,0.33724924520494975
2020-09-28 12:00:00,2.9368949837411082
2020-09-29 12:00:00,4.034996224917457
2020-09-30 12:00:00,15.104208279525267
2020-10-01 12:00:00,9.734896682919974
2020-10-02 12:00:00,6.3349094025194335
2020-10-03 12:00:00,4.595868085159139
2020-10-04 12:00:00,42.80193912393699
2020-10-05 12:00:00,6.372336266262807
2020-10-06 12:00:00,3.270806581433241
2020-10-07 12:00:00,10.019180669799345
2020-10-08 12:00:00,0.09906924575794927
2020-10-09 12:00:00,2.229244846479388
2020-10-10 12:00:00,4.208749320218691
2020-10-11 12:00:00,3.1043085833393094
2020-10-12 12:00:00,9.30415244152745
2020-10-13 12:00:00,3.736466227434454
2020-10-14 12:00:00,0.027522040328830058
2020-10-15 12:00:00,0.0009405030826662282
2020-10-16 12:00:00,0.17156826078266943
2020-10-17 12:00:00,0.0038442549441665835
2020-10-18 12:00:00,0.00014926884982511608
2020-10-19 12:00:00,8.851689106207887
2020-10-20 12:00:00,6.7944416778340875
2020-10-21 12:00:00,8.110595189288478
2020-10-22 12:00:00,1.3214751724466556
2020-10-23 12:00:00,2.6178450160329616
2020-10-24 12:00:00,9.381686075388288
2020-10-25 12:00:00,6.278164385891703
2020-10-26 12:00:00,9.941902295644509
2020-10-27 12:00:00,3.047854959098418
2020-10-28 12:00:00,7.2095362721615
2020-10-29 12:00:00,2.2198029956262997
2020-10-30 12:00:00,17.63656842455838
2020-10-31 12:00:00,5.792390219024652
2020-11-01 12:00:00,5.958891475943007
2020-11-02 12:00:00,13.618238998830542
2020-11-03 12:00:00,2.9482180706639465
2020-11-04 12:00:00,0.07934612874218107
2020-11-05 12:00:00,0.0477408302334415
2020-11-06 12:00:00,0.010241331565057504
2020-11-07 12:00:00,7.090212566798906
2020-11-08 12:00:00,8.404410011051207
2020-11-09 12:00:00,8.172290411839382
2020-11-10 12:00:00,0.07587004967360378
2020-11-11 12:00:00,11.251282078093046
2020-11-12 12:00:00,5.393824601462922
2020-11-13 12:00:00,5.965811439998246
2020-11-14 12:00:00,12.371733474905929
2020-11-15 12:00:00,6.414209341832351
2020-11-16 12:00:00,1.211667289562818
2020-11-17 12:00:00,6.837650691359213
2020-11-18 12:00:00,1.8905877196556273
2020-11-19 12:00:00,1.3112425824356584
2020-11-20 12:00:00,1.4948214401624829
2020-11-21 12:00:00,3.1590086204426324
2020-11-22 12:00:00,1.2396745253385915
2020-11-23 12:00:00,2.208307724948169
2020-11-24 12:00:00,4.219019931499697
2020-11-25 12:00:00,0.021178401260424768
2020-11-26 12:00:00,0.08217781644231847
2020-11-27 12:00:00,5.574423903118881
2020-11-28 12:00:00,0.05795683399821346
2020-11-29 12:00:00,0.11186052650330286
2020-11-30 12:00:00,4.3673595820539255
2020-12-01 12:00:00,0.08512910587973767
2020-12-02 12:00:00,10.992000602655363
2020-12-03 12:00:00,20.27110158098522
2020-12-04 12:00:00,18.062969282690336
2020-12-05 12:00:00,0.46040181562784177
2020-12-06 12:00:00,0.1950771622838204
2020-12-07 12:00:00,1.4665280958724414
2020-12-08 12:00:00,5.47146374263441
2020-12-09 12:00:00,27.421948792179975
2020-12-10 12:00:00,10.29492837187505
2020-12-11 12:00:00,6.911136702008568
2020-12-12 12:00:00,7.268382672266313
2020-12-13 12:00:00,7.260472695282477
2020-12-14 12:00:00,0.5096723642904052
2020-12-15 12:00:00,41.63362279899902
2020-12-16 12:00:00,2.321589414660229
2020-12-17 12:00:00,17.71514321023766
2020-12-18 12:00:00,39.46239954219043
2020-12-19 12:00:00,3.415314932843433
2020-12-20 12:00:00,13.590912228700887
2020-12-21 12:00:00,15.432090558641214
2020-12-22 12:00:00,7.944664594439618
2020-12-23 12:00:00,6.419542486264634
2020-12-24 12:00:00,1.1619997245601634
2020-12-25 12:00:00,3.3810716911793524
2020-12-26 12:00:00,27.463237123840653
2020-12-27 12:00:00,11.358769620485415
2020-12-28 12:00:00,21.953422069972817
2020-12-29 12:00:00,4.253141040654733
2020-12-30 12:00:00,5.874461030189641
2020-12-31 12:00:00,3.884052157866726
2021-01-01 12:00:00,0.4005142966884856
2021-01-02 12:00:00,2.4277558103659773
2021-01-03 12:00:00,0.028645583071414633
2021-01-04 12:00:00,0.0005451512591221217
2021-01-05 12:00:00,0.0001663187202018543
2021-01-06 12:00:00,0.0009566158475030121
2021-01-07 12:00:00,3.7152983924664382
2021-01-08 12:00:00,0.021002979898514854
2021-01-09 12:00:00,0.09564718493334223
2021-01-10 12:00:00,1.6139069492316362
2021-01-11 12:00:00,5.196549087113901
2021-01-12 12:00:00,8.546715318934861
2021-01-13 12:00:00,6.444005800144319
2021-01-14 12:00:00,0.49261855437122465
2021-01-15 12:00:00,18.872238587599906
2021-01-16 12:00:00,0.0365509451977297
2021-01-17 12:00:00,1.1326518285145515
2021-01-18 12:00:00,6.57429189273345
2021-01-19 12:00:00,15.55689020852343
2021-01-20 12:00:00,16.46908730571183
2021-01-21 12:00:00,2.961541373136463
2021-01-22 12:00:00,3.0765058117224564
2021-01-23 12:00:00,4.972433091970623
2021-01-24 12:00:00,4.285269980766431
2021-01-25 12:00:00,5.887086722166154
2021-01-26 12:00:00,6.0143719914151745
2021-01-27 12:00:00,16.33129274024456
2021-01-28 12:00:00,9.125141003882346
2021-01-29 12:00:00,18.08636893400988
2021-01-30 12:00:00,5.947089792830882
2021-01-31 12:00:00,9.457999783190989
2021-02-01 12:00:00,9.289958107583962
2021-02-02 12:00:00,4.799084435594867
2021-02-03 12:00:00,3.1123436085245726
2021-02-04 12:00:00,12.115459296867352
2021-02-05 12:00:00,2.1570574996402097
2021-02-06 12:00:00,1.5892982356956054
2021-02-07 12:00:00,0.010949881544313804
2021-02-08 12:00:00,0.0009586289045895763
2021-02-09 12:00:00,0.0011104910785912033
2021-02-10 12:00:00,0.017525320154420848
2021-02-11 12:00:00,0.00029569619454683434
2021-02-12 12:00:00,0.0583892273803406
2021-02-13 12:00:00,10.20503146920881
2021-02-14 12:00:00,17.298393360192375
2021-02-15 12:00:00,9.762558882557467
2021-02-16 12:00:00,7.528986658974902
2021-02-17 12:00:00,14.139888567215987
2021-02-18 12:00:00,3.161969484090503
2021-02-19 12:00:00,37.49156223717045
2021-02-20 12:00:00,5.909953828979985
2021-02-21 12:00:00,12.226773862420549
2021-02-22 12:00:00,0.035485832731951265
2021-02-23 12:00:00,2.1421871271554553
2021-02-24 12:00:00,3.342514413188123
2021-02-25 12:00:00,0.12334934337202264
2021-02-26 12:00:00,0.027429940288268558
2021-02-27 12:00:00,0.004060090260357493
2021-02-28 12:00:00,0.00016536435960204236
2021-03-01 12:00:00,0.001162345347108973
2021-03-02 12:00:00,1.924557308752841
2021-03-03 12:00:00,0.88952408215318
2021-03-04 12:00:00,0.1704503120008118
2021-03-05 12:00:00,0.0002185563572354926
2021-03-06 12:00:00,0.008200777645246843
2021-03-07 12:00:00,0.0023653089495351697
2021-03-08 12:00:00,0.010332023518595357
2021-03-09 12:00:00,10.576121821268563
2021-03-10 12:00:00,4.405356837141097
2021-03-11 12:00:00,7.7719207987166445
2021-03-12 12:00:00,12.139589971016346
2021-03-13 12:00:00,1.5694583126208492
2021-03-14 12:00:00,0.27937403923708215
2021-03-15 12:00:00,0.27790876690714555
2021-03-16 12:00:00,0.03288642597074335
2021-03-17 12:00:00,0.0013106516127713882
2021-03-18 12:00:00,0.000624975253701634
2021-03-19 12:00:00,0.0009259813371233669
2021-03-20 12:00:00,0.0009259813371233669
2021-03-21 12:00:00,0.0039003534339488895
2021-03-22 12:00:00,0.000205231537868745
2021-03-23 12:00:00,0.5806562908600459
2021-03-24 12:00:00,0.018967726939500284
2021-03-25 12:00:00,4.608450733922733
2021-03-26 12:00:00,2.7830511449882382
2021-03-27 12:00:00,0.18239291262659607
2021-03-28 12:00:00,0.014695862183772633
2021-03-29 12:00:00,9.733911498308306e-05
2021-03-30 12:00:00,0.0009637646287698702
2021-03-31 12:00:00,0.00011939823918950927
2021-04-01 12:00:00,0.0008090158885282054
2021-04-02 12:00:00,0.0002439695952806231
2021-04-03 12:00:00,0.0018126257970497227
2021-04-04 12:00:00,0.0015811235459945322
2021-04-05 12:00:00,0.4050475840035886
2021-04-06 12:00:00,3.4870713627588357
2021-04-07 12:00:00,0.713343123525675
2021-04-08 12:00:00,0.012769681800482525
2021-04-09 12:00:00,0.003930059587905403
2021-04-10 12:00:00,0.007029585130059353
2021-04-11 12:00:00,0.3952141204740089
2021-04-12 12:00:00,1.2173816580314298
2021-04-13 12:00:00,0.17739773282519547
2021-04-14 12:00:00,0.9557898845484929
2021-04-15 12:00:00,0.0014480932279415616
2021-04-16 12:00:00,0.004998796054645996
2021-04-17 12:00:00,0.003513477736486272
2021-04-18 12:00:00,0.018717688700551814
2021-04-19 12:00:00,0.0004400445986782717
2021-04-20 12:00:00,0.0
2021-04-21 12:00:00,0.0010356917756184803
2021-04-22 12:00:00,0.0006829999885814906
2021-04-23 12:00:00,9.105304738057921e-05
2021-04-24 12:00:00,6.25057599177762e-05
2021-04-25 12:00:00,0.0004301343110636815
2021-04-26 12:00:00,0.000198306285312641
2021-04-27 12:00:00,0.9207353640486049
2021-04-28 12:00:00,0.07651329740772841
2021-04-29 12:00:00,0.09060349431032312
2021-04-30 12:00:00,0.020937703695957353
2021-05-01 12:00:00,0.3735727276080542
2021-05-02 12:00:00,0.012437030336745288
2021-05-03 12:00:00,5.934144021750706
2021-05-04 12:00:00,0.6281229532889484
2021-05-05 12:00:00,0.7585358683973717
2021-05-06 12:00:00,0.07244307228670342
2021-05-07 12:00:00,17.305924803980993
2021-05-08 12:00:00,19.200160846639136
2021-05-09 12:00:00,1.854824478060714
2021-05-10 12:00:00,2.823671685787475
2021-05-11 12:00:00,4.322191457631832
2021-05-12 12:00:00,4.071130135245612
2021-05-13 12:00:00,1.1214317965687841
2021-05-14 12:00:00,5.6392529288439
2021-05-15 12:00:00,10.39798942980641
2021-05-16 12:00:00,6.466969713855957
2021-05-17 12:00:00,3.4636151468896137
2021-05-18 12:00:00,11.23728548244684
2021-05-19 12:00:00,3.001786664746551
2021-05-20 12:00:00,5.291921624868204
2021-05-21 12:00:00,22.40674160437229
2021-05-22 12:00:00,0.7766518865055432
2021-05-23 12:00:00,25.501853569089118
2021-05-24 12:00:00,5.855152250355461
2021-05-25 12:00:00,14.48167336311008
2021-05-26 12:00:00,0.02205790516056777
2021-05-27 12:00:00,2.229280658267219
2021-05-28 12:00:00,0.13523958742152958
2021-05-29 12:00:00,0.0006901140230429294
2021-05-30 12:00:00,0.00017264770055166694
2021-05-31 12:00:00,0.00019537573420689617
2021-06-01 12:00:00,2.6399196604398076
2021-06-02 12:00:00,0.043879106067094956
2021-06-03 12:00:00,0.00023083542461094196
2021-06-04 12:00:00,0.0016145480003750135
2021-06-05 12:00:00,3.6959723815362757
2021-06-06 12:00:00,0.0031938578979874154
2021-06-07 12:00:00,0.0009605701193884541
2021-06-08 12:00:00,0.3327619549499425
2021-06-09 12:00:00,1.3389194101094672
2021-06-10 12:00:00,0.47701871530251505
2021-06-11 12:00:00,0.096542596628174
2021-06-12 12:00:00,0.00010272154383177934
2021-06-13 12:00:00,0.0606046681939303
2021-06-14 12:00:00,0.030042942843591817
2021-06-15 12:00:00,0.09114166210602388
2021-06-16 12:00:00,0.06731058753172425
2021-06-17 12:00:00,0.0003370057309311251
2021-06-18 12:00:00,0.0
2021-06-19 12:00:00,2.067453762775069
2021-06-20 12:00:00,5.323434020959818
2021-06-21 12:00:00,1.2482191087883165
2021-06-22 12:00:00,0.0003566023653421348
2021-06-23 12:00:00,1.5556467603027824
2021-06-24 12:00:00,10.00247207915629
2021-06-25 12:00:00,0.8088295242768336
2021-06-26 12:00:00,0.9691467718088599
2021-06-27 12:00:00,39.37177662146802
2021-06-28 12:00:00,1.6087040209635457
2021-06-29 12:00:00,0.027508012041397658
2021-06-30 12:00:00,0.0003039555011487533
2021-07-01 12:00:00,0.07349788312381245
2021-07-02 12:00:00,2.868454116915921
2021-07-03 12:00:00,9.48746782142058
2021-07-04 12:00:00,0.9035524685064941
2021-07-05 12:00:00,13.84111688607079
2021-07-06 12:00:00,5.267792869791577
2021-07-07 12:00:00,1.1655247032121157
2021-07-08 12:00:00,0.022882901760483913
2021-07-09 12:00:00,19.814194208292633
2021-07-10 12:00:00,11.458578752896692
2021-07-11 12:00:00,27.785731817135456
2021-07-12 12:00:00,0.03971656331179784
2021-07-13 12:00:00,0.00015328205740716117
2021-07-14 12:00:00,0.005258809537706912
2021-07-15 12:00:00,0.0003270537660281918
2021-07-16 12:00:00,0.00013011242607159415
2021-07-17 12:00:00,0.0007427192236208981
2021-07-18 12:00:00,0.0001771205779012085
2021-07-19 12:00:00,8.418661341307252e-05
2021-07-20 12:00:00,0.0011755980211894542
2021-07-21 12:00:00,0.000772684609669528
2021-07-22 12:00:00,0.00045142994694309776
2021-07-23 12:00:00,3.875155852785032
2021-07-24 12:00:00,0.1529656660367569
2021-07-25 12:00:00,0.08233953677184008
2021-07-26 12:00:00,0.45926612579520754
2021-07-27 12:00:00,3.867255615786614
2021-07-28 12:00:00,1.9534664312812637
2021-07-29 12:00:00,11.116809579683688
2021-07-30 12:00:00,2.0983538810227906
2021-07-31 12:00:00,0.7258801369224721
2021-08-01 12:00:00,0.14110560857246515
2021-08-02 12:00:00,0.0005502136104402373
2021-08-03 12:00:00,0.20634681320584652
2021-08-04 12:00:00,6.795939043509962
2021-08-05 12:00:00,8.326176125720446
2021-08-06 12:00:00,8.55380829600552
2021-08-07 12:00:00,5.2691343671076964
2021-08-08 12:00:00,7.646688947020317
2021-08-09 12:00:00,0.4515266223917952
2021-08-10 12:00:00,0.010412529044925829
2021-08-11 12:00:00,1.563904471689969
2021-08-12 12:00:00,0.04877819144986456
2021-08-13 12:00:00,0.016265046393743873
2021-08-14 12:00:00,0.06382346389626051
2021-08-15 12:00:00,4.897346376473648
2021-08-16 12:00:00,0.0106383729137261
2021-08-17 12:00:00,0.112379372010784
2021-08-18 12:00:00,0.002828562158366483
2021-08-19 12:00:00,1.6929215205423376
2021-08-20 12:00:00,2.2295961168902
2021-08-21 12:00:00,10.770014626533072
2021-08-22 12:00:00,0.023818738623553173
2021-08-23 12:00:00,0.00077631947166628
2021-08-24 12:00:00,0.0025595969348738454
2021-08-25 12:00:00,0.0014425881965608272
2021-08-26 12:00:00,0.08811292193825251
2021-08-27 12:00:00,0.0010583928787858442
2021-08-28 12:00:00,6.834187750775155e-05
2021-08-29 12:00:00,2.0302000976874756e-05
2021-08-30 12:00:00,0.030385548469366606
2021-08-31 12:00:00,8.240139768264193e-05
2021-09-01 12:00:00,0.0006862581738405613
2021-09-02 12:00:00,0.005842798463778114
2021-09-03 12:00:00,0.0023755029001686747
2021-09-04 12:00:00,0.00023665165092271804
2021-09-05 12:00:00,0.0789462628149354
2021-09-06 12:00:00,0.0002694228969651996
2021-09-07 12:00:00,0.036779607167594236
2021-09-08 12:00:00,21.47956760467462
2021-09-09 12:00:00,5.08857211079156
2021-09-10 12:00:00,0.13124224494514827
2021-09-11 12:00:00,0.09635118536571048
2021-09-12 12:00:00,0.210540329245968
2021-09-13 12:00:00,3.836966583635763
2021-09-14 12:00:00,0.052157232038768625
2021-09-15 12:00:00,0.0063853359252315145
2021-09-16 12:00:00,0.002442933216922537
2021-09-17 12:00:00,3.5068938824699574
2021-09-18 12:00:00,7.066586774847171
2021-09-19 12:00:00,0.27415489649361446
2021-09-20 12:00:00,0.00927032137533871
2021-09-21 12:00:00,0.08132421546141706
2021-09-22 12:00:00,0.0015903482686490586
2021-09-23 12:00:00,0.36751215806145526
2021-09-24 12:00:00,0.002479546817529293
2021-09-25 12:00:00,0.02615487659667886
2021-09-26 12:00:00,31.245149350617407
2021-09-27 12:00:00,3.2105869647416565
2021-09-28 12:00:00,24.291289620273677
2021-09-29 12:00:00,0.433607974658736
2021-09-30 12:00:00,7.82155176628374
2021-10-01 12:00:00,8.388482607177028
2021-10-02 12:00:00,12.381254347163946
2021-10-03 12:00:00,7.496397907896407
2021-10-04 12:00:00,24.460048079802952
2021-10-05 12:00:00,1.2217365609019835
2021-10-06 12:00:00,0.57456368956523
2021-10-07 12:00:00,0.020960515565751528
2021-10-08 12:00:00,0.006546266291987944
2021-10-09 12:00:00,0.03617644812214915
2021-10-10 12:00:00,0.11625250826913881
2021-10-11 12:00:00,0.10388909421178613
2021-10-12 12:00:00,0.07228601989151046
2021-10-13 12:00:00,0.01702483092461779
2021-10-14 12:00:00,0.16043282114052182
2021-10-15 12:00:00,0.10815735348813948
2021-10-16 12:00:00,0.0033563108115577385
2021-10-17 12:00:00,2.826357885598915
2021-10-18 12:00:00,7.345959073778216
2021-10-19 12:00:00,37.25233848873626
2021-10-20 12:00:00,34.92068818801709
2021-10-21 12:00:00,0.11367007185620427
2021-10-22 12:00:00,0.0006976415229053406
2021-10-23 12:00:00,3.951040572508765
2021-10-24 12:00:00,1.7541665731216722
2021-10-25 12:00:00,2.7560114768269814
2021-10-26 12:00:00,1.312191261946384
2021-10-27 12:00:00,0.15060604265841626
2021-10-28 12:00:00,43.24288898730242
2021-10-29 12:00:00,21.124944257996283
2021-10-30 12:00:00,17.742651861538942
2021-10-31 12:00:00,6.517186727317394
2021-11-01 12:00:00,3.0716394556579187
2021-11-02 12:00:00,6.0950528304040095
2021-11-03 12:00:00,2.2560898260632394
2021-11-04 12:00:00,1.1772591366815874
2021-11-05 12:00:00,0.3642032809565427
2021-11-06 12:00:00,3.9827919686604574
2021-11-07 12:00:00,0.2634108395828755
2021-11-08 12:00:00,0.17561567881926027
2021-11-09 12:00:00,6.430946516816181
2021-11-10 12:00:00,4.66363596091312
2021-11-11 12:00:00,2.992709679274913
2021-11-12 12:00:00,4.360568359814718
2021-11-13 12:00:00,0.227104789998778
2021-11-14 12:00:00,0.051177953580401676
2021-11-15 12:00:00,1.629344833487626
2021-11-16 12:00:00,1.6798625151533286
2021-11-17 12:00:00,0.5389111211421834
2021-11-18 12:00:00,3.070535104579028
2021-11-19 12:00:00,0.025115416196927563
2021-11-20 12:00:00,5.801574738615915
2021-11-21 12:00:00,0.05859589250662072
2021-11-22 12:00:00,0.001180577692135572
2021-11-23 12:00:00,0.0033032017537449297
2021-11-24 12:00:00,0.9159854720563019
2021-11-25 12:00:00,3.7760842767675498
2021-11-26 12:00:00,6.772978027666806
2021-11-27 12:00:00,1.8846352649590208
2021-11-28 12:00:00,3.4956506870504622
2021-11-29 12:00:00,3.0021889833492024
2021-11-30 12:00:00,13.147372259053261
2021-12-01 12:00:00,7.476928410198018
2021-12-02 12:00:00,12.936190391583198
2021-12-03 12:00:00,13.477733646397292
2021-12-04 12:00:00,3.5651799977931953
2021-12-05 12:00:00,4.596755435007608
2021-12-06 12:00:00,11.155791231393751
2021-12-07 12:00:00,14.597947476484618
2021-12-08 12:00:00,0.37544376124964046
2021-12-09 12:00:00,10.615882945008394
2021-12-10 12:00:00,1.6999363281729678
2021-12-11 12:00:00,3.987575096160473
2021-12-12 12:00:00,0.42823858877891474
2021-12-13 12:00:00,0.17249696871182965
2021-12-14 12:00:00,0.0025509715340191266
2021-12-15 12:00:00,0.017290252539476785
2021-12-16 12:00:00,0.00029173534866641133
2021-12-17 12:00:00,0.005295963022215116
2021-12-18 12:00:00,0.0024360695059153217
2021-12-19 12:00:00,0.0045811199081428455
2021-12-20 12:00:00,0.00021419483210302978
2021-12-21 12:00:00,0.0024444113745472813
2021-12-22 12:00:00,4.5703899261807
2021-12-23 12:00:00,1.6275828520545663
2021-12-24 12:00:00,12.199261920075426
2021-12-25 12:00:00,17.888177064477258
2021-12-26 12:00:00,6.057291231585437
2021-12-27 12:00:00,8.414057165724326
2021-12-28 12:00:00,14.519123750757045
2021-12-29 12:00:00,8.205950414219695
2021-12-30 12:00:00,5.979008000887399
2021-12-31 12:00:00,1.1807582131787637
2022-01-01 12:00:00,1.905190796516436
2022-01-02 12:00:00,4.181746235114295
2022-01-03 12:00:00,0.3649734082633401
2022-01-04 12:00:00,1.7849264419032174
2022-01-05 12:00:00,0.027438288386764677
2022-01-06 12:00:00,7.882389233430034
2022-01-07 12:00:00,12.994612152511953
2022-01-08 12:00:00,11.411496545899771
2022-01-09 12:00:00,8.086918109734977
2022-01-10 12:00:00,4.51901076685176
2022-01-11 12:00:00,0.3059504666263497
2022-01-12 12:00:00,0.010211497310503598
2022-01-13 12:00:00,0.013551356360217768
2022-01-14 12:00:00,0.03648802365647217
2022-01-15 12:00:00,7.8787033878715205
2022-01-16 12:00:00,0.003182477214948537
2022-01-17 12:00:00,0.10164274179372042
2022-01-18 12:00:00,0.2996394526737606
2022-01-19 12:00:00,0.3605733045970178
2022-01-20 12:00:00,0.000667601052542097
2022-01-21 12:00:00,0.009498565766175993
2022-01-22 12:00:00,0.0004822653597409111
2022-01-23 12:00:00,2.364520540563866e-05
2022-01-24 12:00:00,0.00012885062493902676
2022-01-25 12:00:00,1.182260270281933e-05
2022-01-26 12:00:00,0.2447090885515547
2022-01-27 12:00:00,3.8471067216102064
2022-01-28 12:00:00,1.5589702716161473
2022-01-29 12:00:00,1.5189795669263542
2022-01-30 12:00:00,0.5994832796384312
2022-01-31 12:00:00,0.026536786585910074
2022-02-01 12:00:00,0.21619029620631958
2022-02-02 12:00:00,0.4712409916929628
2022-02-03 12:00:00,4.961060688870022
2022-02-04 12:00:00,0.6109773936989383
2022-02-05 12:00:00,6.641571450843135
2022-02-06 12:00:00,2.273999361162246
2022-02-07 12:00:00,0.911857990734679
2022-02-08 12:00:00,1.3247866541702726
2022-02-09 12:00:00,3.316870119238029
2022-02-10 12:00:00,0.29947690613142697
2022-02-11 12:00:00,0.18183575878287478
2022-02-12 12:00:00,16.364531027323054
2022-02-13 12:00:00,12.162191109155343
2022-02-14 12:00:00,3.3307041314408994
2022-02-15 12:00:00,13.922037099439672
2022-02-16 12:00:00,1.532223825874441
2022-02-17 12:00:00,10.57521687056202
2022-02-18 12:00:00,2.4466982750076283
2022-02-19 12:00:00,2.582867179929204
2022-02-20 12:00:00,4.872105431985329
2022-02-21 12:00:00,2.5282755939130777
2022-02-22 12:00:00,1.2013249962698824
2022-02-23 12:00:00,6.926262304315385
2022-02-24 12:00:00,0.9019011858545563
2022-02-25 12:00:00,0.01468792811557965
2022-02-26 12:00:00,0.0006337060526902592
2022-02-27 12:00:00,1.199971857104645
2022-02-28 12:00:00,11.911485044867744
2022-03-01 12:00:00,27.078758694371544
2022-03-02 12:00:00,8.743336530281864
2022-03-03 12:00:00,3.1177595086594634
2022-03-04 12:00:00,0.01831963481446992
2022-03-05 12:00:00,0.0005809071743140738
2022-03-06 12:00:00,0.00011932036126823102
2022-03-07 12:00:00,0.0
2022-03-08 12:00:00,4.714678170074286
2022-03-09 12:00:00,17.065468956829175
2022-03-10 12:00:00,9.545029257826453
2022-03-11 12:00:00,3.5020306308094926
2022-03-12 12:00:00,11.45815912610644
2022-03-13 12:00:00,0.7907276352546443
2022-03-14 12:00:00,0.009265603342264209
2022-03-15 12:00:00,0.013292020699356729
2022-03-16 12:00:00,0.1037039940946326
2022-03-17 12:00:00,0.005635788331007353
2022-03-18 12:00:00,0.0024383486246055196
2022-03-19 12:00:00,5.3498043624827026e-05
2022-03-20 12:00:00,2.9722709180627635e-05
2022-03-21 12:00:00,5.3498043624827026e-05
2022-03-22 12:00:00,4.149003125638065e-05
2022-03-23 12:00:00,2.7660020837587104e-05
2022-03-24 12:00:00,5.122171615318168e-05
2022-03-25 12:00:00,0.002987447364576962
2022-03-26 12:00:00,0.00012173362882309915
2022-03-27 12:00:00,0.0011530402055561003
2022-03-28 12:00:00,3.373730011187251
2022-03-29 12:00:00,0.00041747733152445484
2022-03-30 12:00:00,0.08845289700749634
2022-03-31 12:00:00,0.7360531527655735
2022-04-01 12:00:00,0.588788707610284
2022-04-02 12:00:00,2.069949902774298
2022-04-03 12:00:00,7.139384562232638
2022-04-04 12:00:00,4.151051357147072
2022-04-05 12:00:00,2.378277630570095
2022-04-06 12:00:00,6.414454817519247
2022-04-07 12:00:00,1.8787622134590198
2022-04-08 12:00:00,1.8378897940920444
2022-04-09 12:00:00,0.0037063926951893993
2022-04-10 12:00:00,0.009546316001156217
2022-04-11 12:00:00,3.169287389656923
2022-04-12 12:00:00,1.8161837010450936
2022-04-13 12:00:00,0.3324039390052136
2022-04-14 12:00:00,0.00043565958485676065
2022-04-15 12:00:00,0.11226554304690106
2022-04-16 12:00:00,0.0006348260273418744
2022-04-17 12:00:00,1.2350878173678608
2022-04-18 12:00:00,2.212252858534285
2022-04-19 12:00:00,1.9167394625990808
2022-04-20 12:00:00,0.0015144700198070596
2022-04-21 12:00:00,0.0008482934075475341
2022-04-22 12:00:00,0.5645222747927934
2022-04-23 12:00:00,0.017598488889098547
2022-04-24 12:00:00,0.5761344895161923
2022-04-25 12:00:00,0.0053204056755768525
2022-04-26 12:00:00,0.00014245547835520575
2022-04-27 12:00:00,0.00012015649810541246
2022-04-28 12:00:00,0.00014288729777212363
2022-04-29 12:00:00,0.00012389439533072794
2022-04-30 12:00:00,0.5550508928562246
2022-05-01 12:00:00,8.047455023751116
2022-05-02 12:00:00,0.03257647919966557
2022-05-03 12:00:00,0.09776516055101074
2022-05-04 12:00:00,0.12098259352571618
2022-05-05 12:00:00,0.0
2022-05-06 12:00:00,0.4811929276848365
2022-05-07 12:00:00,0.00013067547780978755
2022-05-08 12:00:00,8.320986558795622e-05
2022-05-09 12:00:00,3.0020068055554967
2022-05-10 12:00:00,5.332088397638256
2022-05-11 12:00:00,1.0069915484194571
2022-05-12 12:00:00,0.013659567508996209
2022-05-13 12:00:00,0.0007069354839835965
2022-05-14 12:00:00,0.6548835410293122
2022-05-15 12:00:00,12.165173871771987
2022-05-16 12:00:00,0.3336464526613136
2022-05-17 12:00:00,8.019596974366335
2022-05-18 12:00:00,5.3040898195545845
2022-05-19 12:00:00,1.8011933266368296
2022-05-20 12:00:00,0.38397041697334394
2022-05-21 12:00:00,0.0002660048657075626
2022-05-22 12:00:00,0.09353723292610905
2022-05-23 12:00:00,12.051429809510728
2022-05-24 12:00:00,4.7763464931056365
2022-05-25 12:00:00,1.4527918311135055
2022-05-26 12:00:00,1.0013948931470493
2022-05-27 12:00:00,0.09046873557763498
2022-05-28 12:00:00,0.0009870298976705802
2022-05-29 12:00:00,4.7603404431495395
2022-05-30 12:00:00,6.471513776192369
2022-05-31 12:00:00,0.05261186692178131
2022-06-01 12:00:00,0.0002292916806608425
2022-06-02 12:00:00,5.591622121220195e-05
2022-06-03 12:00:00,25.20940498150309
2022-06-04 12:00:00,2.677042577166163
2022-06-05 12:00:00,0.3345960248178778
2022-06-06 12:00:00,2.3411486549903673
2022-06-07 12:00:00,3.3934187335700314
2022-06-08 12:00:00,0.07837258435063522
2022-06-09 12:00:00,3.886036698998901
2022-06-10 12:00:00,0.11604857839845141
2022-06-11 12:00:00,0.001957470856679953
2022-06-12 12:00:00,0.0004982099771637903
2022-06-13 12:00:00,0.0
2022-06-14 12:00:00,0.000669884306643659
2022-06-15 12:00:00,0.00075815732264651
2022-06-16 12:00:00,5.223619211138615e-05
2022-06-17 12:00:00,0.012113759912456267
2022-06-18 12:00:00,9.847658759895348
2022-06-19 12:00:00,5.90442855400399
2022-06-20 12:00:00,0.0004562610972710496
2022-06-21 12:00:00,0.0
2022-06-22 12:00:00,5.320316932191971e-05
2022-06-23 12:00:00,0.9157243873573385
2022-06-24 12:00:00,5.235391828019648
2022-06-25 12:00:00,5.6056834720765165
2022-06-26 12:00:00,2.700972495850517
2022-06-27 12:00:00,0.16446519111911206
2022-06-28 12:00:00,9.882551646142863
2022-06-29 12:00:00,5.929624883240435
2022-06-30 12:00:00,0.3931245611978078
2022-07-01 12:00:00,3.9501017655604356
2022-07-02 12:00:00,1.6330116305542193
2022-07-03 12:00:00,0.1124776836929217
2022-07-04 12:00:00,0.001140826779650615
2022-07-05 12:00:00,0.0008083745489380038
2022-07-06 12:00:00,0.000429431920601622
2022-07-07 12:00:00,0.00011001039837564578
2022-07-08 12:00:00,0.08850207270137887
2022-07-09 12:00:00,3.8948420873448784e-05
2022-07-10 12:00:00,8.761253077235942e-06
2022-07-11 12:00:00,9.527026692417228e-06
2022-07-12 12:00:00,0.07771861497191083
2022-07-13 12:00:00,0.0010677220498275261
2022-07-14 12:00:00,7.030793003359609e-05
2022-07-15 12:00:00,0.000494896014845848
2022-07-16 12:00:00,0.00034968622228107336
2022-07-17 12:00:00,0.00204279011242333
2022-07-18 12:00:00,0.2098910574749491
2022-07-19 12:00:00,1.4221835472364515
2022-07-20 12:00:00,0.004258157254461584
2022-07-21 12:00:00,5.166752681729747e-05
2022-07-22 12:00:00,0.23469138373581092
2022-07-23 12:00:00,2.7866121490740254
2022-07-24 12:00:00,3.700273628004756
2022-07-25 12:00:00,0.3348181856490352
2022-07-26 12:00:00,0.07724408658382954
2022-07-27 12:00:00,0.3282565814679865
2022-07-28 12:00:00,0.000825490995612157
2022-07-29 12:00:00,0.4636002387553759
2022-07-30 12:00:00,1.964289547264588
2022-07-31 12:00:00,0.6520350399269774
2022-08-01 12:00:00,0.7738725909229675
2022-08-02 12:00:00,2.4350389455721992
2022-08-03 12:00:00,0.22823339583470395
2022-08-04 12:00:00,0.0006304544167600208
2022-08-05 12:00:00,0.004035131434063881
2022-08-06 12:00:00,0.00148030795446098
2022-08-07 12:00:00,2.1701257718363168e-05
2022-08-08 12:00:00,0.0015582504384684683
2022-08-09 12:00:00,0.00023289917777365965
2022-08-10 12:00:00,0.0009477017677184485
2022-08-11 12:00:00,0.0010364488360912177
2022-08-12 12:00:00,0.0009715949819771655
2022-08-13 12:00:00,0.0018774875989887511
2022-08-14 12:00:00,0.11647666020193274
2022-08-15 12:00:00,16.43346648759316
2022-08-16 12:00:00,6.169709341896343
2022-08-17 12:00:00,0.39101942407547424
2022-08-18 12:00:00,2.6764558099183144
2022-08-19 12:00:00,0.004543940381473743
2022-08-20 12:00:00,1.6552504345226795
2022-08-21 12:00:00,6.360235714982404
2022-08-22 12:00:00,3.085726157200608
2022-08-23 12:00:00,2.696379678538355
2022-08-24 12:00:00,4.5630329865449255
2022-08-25 12:00:00,1.0910425078216743
2022-08-26 12:00:00,0.1510116844474037
2022-08-27 12:00:00,0.0001564739759893317
2022-08-28 12:00:00,0.0004922446416935206
2022-08-29 12:00:00,0.0011658935782755887
2022-08-30 12:00:00,0.00026338348915433873
2022-08-31 12:00:00,0.0016828584388496556
2022-09-01 12:00:00,1.1464686150221588
2022-09-02 12:00:00,2.2402775219006195
2022-09-03 12:00:00,15.235596062488845
2022-09-04 12:00:00,13.208251770567507
2022-09-05 12:00:00,5.29575413175408
2022-09-06 12:00:00,9.412586378200283
2022-09-07 12:00:00,19.54468774761746
2022-09-08 12:00:00,15.775145328773634
2022-09-09 12:00:00,1.354210090984109
2022-09-10 12:00:00,0.006186623913969147
2022-09-11 12:00:00,0.02747038217945109
2022-09-12 12:00:00,0.3775747832995958
2022-09-13 12:00:00,11.058154102001177
2022-09-14 12:00:00,0.0017698404391478244
2022-09-15 12:00:00,0.03961875362101295
2022-09-16 12:00:00,0.0011170243275064585
2022-09-17 12:00:00,0.0020711002868375717
2022-09-18 12:00:00,0.004487294962516127
2022-09-19 12:00:00,0.09878039456101345
2022-09-20 12:00:00,0.04203082293377008
2022-09-21 12:00:00,0.2296007016419217
2022-09-22 12:00:00,6.141481493197023
2022-09-23 12:00:00,2.3605701986182734
2022-09-24 12:00:00,0.004530397678483894
2022-09-25 12:00:00,7.318959483811654
2022-09-26 12:00:00,0.22504625013705737
2022-09-27 12:00:00,18.67050897720128
2022-09-28 12:00:00,10.98161467008129
2022-09-29 12:00:00,0.1616475025131122
2022-09-30 12:00:00,13.429381646985272
2022-10-01 12:00:00,10.808008587074411
2022-10-02 12:00:00,0.004111124135535595
2022-10-03 12:00:00,0.5293047147137605
2022-10-04 12:00:00,5.549229039590079
2022-10-05 12:00:00,1.5016139801785968
2022-10-06 12:00:00,0.00816396972928503
2022-10-07 12:00:00,4.288878264428194
2022-10-08 12:00:00,0.049377554961368614
2022-10-09 12:00:00,1.189497776876078
2022-10-10 12:00:00,0.0027930875774956226
2022-10-11 12:00:00,0.012389052736785344
2022-10-12 12:00:00,3.7287518953344363
2022-10-13 12:00:00,1.7961679589461215
2022-10-14 12:00:00,2.3125603308642115
2022-10-15 12:00:00,0.9433411372552968
2022-10-16 12:00:00,4.635312909673528
2022-10-17 12:00:00,0.09668356764676693
2022-10-18 12:00:00,4.696470274042333
2022-10-19 12:00:00,5.3918217086603075
2022-10-20 12:00:00,5.084723364306018
2022-10-21 12:00:00,11.979280487132554
2022-10-22 12:00:00,6.074943386686983
2022-10-23 12:00:00,3.1894181823104493
2022-10-24 12:00:00,0.5334781794491501
2022-10-25 12:00:00,18.41084013282027
2022-10-26 12:00:00,6.067837298776625
2022-10-27 12:00:00,13.872229884680463
2022-10-28 12:00:00,7.38035819794738
2022-10-29 12:00:00,7.453794949375898
2022-10-30 12:00:00,5.251762926713132
2022-10-31 12:00:00,9.622442530178837
2022-11-01 12:00:00,10.908456313389284
2022-11-02 12:00:00,20.84035708301308
2022-11-03 12:00:00,11.418544584091537
2022-11-04 12:00:00,3.9422664467707578
2022-11-05 12:00:00,6.410182359356696
2022-11-06 12:00:00,6.64996930604081
2022-11-07 12:00:00,5.150167661218933
2022-11-08 12:00:00,7.274468559898715
2022-11-09 12:00:00,1.1084665430512461
2022-11-10 12:00:00,0.10888562429582471
2022-11-11 12:00:00,0.0027982200946013143
2022-11-12 12:00:00,0.1405585923110353
2022-11-13 12:00:00,7.726846950471855
2022-11-14 12:00:00,31.777190582503373
2022-11-15 12:00:00,9.987690065030302
2022-11-16 12:00:00,18.769921222917073
2022-11-17 12:00:00,8.408877015481867
2022-11-18 12:00:00,0.7419218739969109
2022-11-19 12:00:00,2.514494468899101
2022-11-20 12:00:00,35.859825603996306
2022-11-21 12:00:00,17.036577270564454
2022-11-22 12:00:00,20.9106051140954
2022-11-23 12:00:00,2.274978581613414
2022-11-24 12:00:00,18.041737948322698
2022-11-25 12:00:00,0.46887442003370583
2022-11-26 12:00:00,26.943646468067985
2022-11-27 12:00:00,3.446594756229835
2022-11-28 12:00:00,2.0621532030285903
2022-11-29 12:00:00,0.0012825549842286237
2022-11-30 12:00:00,0.02247087091315636
2022-12-01 12:00:00,0.09592439514877187
2022-12-02 12:00:00,0.00640851093135149
2022-12-03 12:00:00,0.00024817959503010744
2022-12-04 12:00:00,0.0007057435652264593
2022-12-05 12:00:00,0.0001330645803358743
2022-12-06 12:00:00,0.0005472302420479725
2022-12-07 12:00:00,0.0030447073958027094
2022-12-08 12:00:00,0.12476793282667589
2022-12-09 12:00:00,1.8411589569886324
2022-12-10 12:00:00,5.229665914513211
2022-12-11 12:00:00,1.7081107087787537
2022-12-12 12:00:00,0.18617484938825485
2022-12-13 12:00:00,1.3868264525811473
2022-12-14 12:00:00,0.03826813313970497
2022-12-15 12:00:00,0.0008611433692879639
2022-12-16 12:00:00,0.16616517458431002
2022-12-17 12:00:00,8.457775957241777
2022-12-18 12:00:00,37.13712768461115
2022-12-19 12:00:00,21.728668488649035
2022-12-20 12:00:00,2.03938844396666
2022-12-21 12:00:00,6.2175485964594115
2022-12-22 12:00:00,12.71543776527654
2022-12-23 12:00:00,1.4608665496635032
2022-12-24 12:00:00,3.397548623431928
2022-12-25 12:00:00,1.2129803006131579
2022-12-26 12:00:00,3.017687852303377
2022-12-27 12:00:00,25.293816180402235
2022-12-28 12:00:00,9.123279828704431
2022-12-29 12:00:00,19.789079153807194
2022-12-30 12:00:00,4.456215493133594
2022-12-31 12:00:00,10.957532168970403
2023-01-01 12:00:00,1.4906871071478947
2023-01-02 12:00:00,7.38870844521501
2023-01-03 12:00:00,16.51108309198389
2023-01-04 12:00:00,2.5163775112919136
2023-01-05 12:00:00,2.911058766281097
2023-01-06 12:00:00,24.47438666270621
2023-01-07 12:00:00,4.86384545556869
2023-01-08 12:00:00,7.522727511226293
2023-01-09 12:00:00,4.8075980305507855
2023-01-10 12:00:00,6.213439456862975
2023-01-11 12:00:00,12.711280892497298
2023-01-12 12:00:00,7.424540812810456
2023-01-13 12:00:00,29.213584131525696
2023-01-14 12:00:00,4.532044494178584
2023-01-15 12:00:00,20.999495203881917
2023-01-16 12:00:00,0.41933400118361913
2023-01-17 12:00:00,0.9237755344833001
2023-01-18 12:00:00,2.340694918318811
2023-01-19 12:00:00,0.47744172562075204
2023-01-20 12:00:00,0.14057052741601178
2023-01-21 12:00:00,0.011140800598647568
2023-01-22 12:00:00,0.00019596110865429753
2023-01-23 12:00:00,0.00011431072963443128
2023-01-24 12:00:00,0.11214924733261689
2023-01-25 12:00:00,3.8220043762002884
2023-01-26 12:00:00,0.018716690861654964
2023-01-27 12:00:00,0.0006912438045665137
2023-01-28 12:00:00,0.1674628892368855
2023-01-29 12:00:00,1.6015978755375935
2023-01-30 12:00:00,0.2150631117680256
2023-01-31 12:00:00,1.5240807851590987
2023-02-01 12:00:00,0.12455207044180372
2023-02-02 12:00:00,2.8701446070222953
2023-02-03 12:00:00,0.5667748249278396
2023-02-04 12:00:00,0.0435109224716511
2023-02-05 12:00:00,0.01073708183452116
2023-02-06 12:00:00,0.002260082850309349
2023-02-07 12:00:00,0.010344780607561528
2023-02-08 12:00:00,0.8724568317961209
2023-02-09 12:00:00,0.02346424930531722
2023-02-10 12:00:00,2.3833577424844163
2023-02-11 12:00:00,0.008618112694354437
2023-02-12 12:00:00,0.0014639846686172863
2023-02-13 12:00:00,0.10103415071846404
2023-02-14 12:00:00,0.0015696064797871849
2023-02-15 12:00:00,4.092493108931062
2023-02-16 12:00:00,0.9769653247644108
2023-02-17 12:00:00,1.4281577859164065
2023-02-18 12:00:00,1.3796282934594102
2023-02-19 12:00:00,0.8498722517193144
2023-02-20 12:00:00,0.3472343708007855
2023-02-21 12:00:00,2.59849999653155
2023-02-22 12:00:00,11.58482482911684
2023-02-23 12:00:00,0.6134302375503861
2023-02-24 12:00:00,0.20809590859173077
2023-02-25 12:00:00,0.010032238548035616
2023-02-26 12:00:00,0.005951719723232472
2023-02-27 12:00:00,0.0007526379278363872
2023-02-28 12:00:00,0.003203350912670149
2023-03-01 12:00:00,0.002799317521284886
2023-03-02 12:00:00,0.0023056128447175007
2023-03-03 12:00:00,0.0033442955371544977
2023-03-04 12:00:00,0.0
2023-03-05 12:00:00,0.12816690335948278
2023-03-06 12:00:00,1.494205235994489
2023-03-07 12:00:00,11.27671553327348
2023-03-08 12:00:00,12.653848532430976
2023-03-09 12:00:00,12.410673462644173
2023-03-10 12:00:00,3.087727913272111
2023-03-11 12:00:00,2.926379266371206
2023-03-12 12:00:00,8.557392029512378
2023-03-13 12:00:00,6.074140587404494
2023-03-14 12:00:00,0.05253298054256104
2023-03-15 12:00:00,7.957211963422277
2023-03-16 12:00:00,8.640764333624174
2023-03-17 12:00:00,4.595130843239666
2023-03-18 12:00:00,0.32708797512670296
2023-03-19 12:00:00,6.191595321422873
2023-03-20 12:00:00,7.117648585274568
2023-03-21 12:00:00,15.128859824345497
2023-03-22 12:00:00,4.0088845841728675
2023-03-23 12:00:00,6.505927467273889
2023-03-24 12:00:00,4.346990193928675
2023-03-25 12:00:00,15.058760481529871
2023-03-26 12:00:00,0.10306790928850683
2023-03-27 12:00:00,3.707705094887773
2023-03-28 12:00:00,10.66294064856957
2023-03-29 12:00:00,9.040448071624082
2023-03-30 12:00:00,30.841710958592493
2023-03-31 12:00:00,4.945310274247455
2023-04-01 12:00:00,2.584310229818349
2023-04-02 12:00:00,0.016887230746919793
2023-04-03 12:00:00,0.0035192686346335036
2023-04-04 12:00:00,0.23862244358687246
2023-04-05 12:00:00,7.4512942417733505
2023-04-06 12:00:00,0.05782787454860091
2023-04-07 12:00:00,0.001020150681617968
2023-04-08 12:00:00,0.0001089209644853371
2023-04-09 12:00:00,8.447178133178275
2023-04-10 12:00:00,0.5224264857303729
2023-04-11 12:00:00,18.98296687990422
2023-04-12 12:00:00,11.714335251268833
2023-04-13 12:00:00,7.6395080538306495
2023-04-14 12:00:00,0.1110589652424993
2023-04-15 12:00:00,0.011774841759230607
2023-04-16 12:00:00,0.0006273068576056699
2023-04-17 12:00:00,0.0012378524984593348
2023-04-18 12:00:00,0.0042526957601302815
2023-04-19 12:00:00,0.114233117334254
2023-04-20 12:00:00,0.0001089209644853371
2023-04-21 12:00:00,7.469857504670282
2023-04-22 12:00:00,10.717167273158482
2023-04-23 12:00:00,3.1627006809323235
2023-04-24 12:00:00,2.0210556694759925
2023-04-25 12:00:00,0.0005183400110031724
2023-04-26 12:00:00,0.3527778495267846
2023-04-27 12:00:00,19.10956253449583
2023-04-28 12:00:00,0.11274886427628873
2023-04-29 12:00:00,1.0265901832495636
2023-04-30 12:00:00,0.2901696273580715
2023-05-01 12:00:00,0.008628148997194334
2023-05-02 12:00:00,4.997855506208694e-05
2023-05-03 12:00:00,0.00016906534779422138
2023-05-04 12:00:00,4.281713571934681
2023-05-05 12:00:00,9.584998842994924
2023-05-06 12:00:00,0.11806246182626283
2023-05-07 12:00:00,9.116576781856352
2023-05-08 12:00:00,16.287674486947267
2023-05-09 12:00:00,8.875456827538079
2023-05-10 12:00:00,0.5416244221810333
2023-05-11 12:00:00,1.8855439944504233
2023-05-12 12:00:00,0.0001871108440174855
2023-05-13 12:00:00,0.005131724812491167
2023-05-14 12:00:00,1.6670811023013654
2023-05-15 12:00:00,7.982560902578719e-05
2023-05-16 12:00:00,0.00039413675224880167
2023-05-17 12:00:00,0.000580264329630307
2023-05-18 12:00:00,0.0857790208291027
2023-05-19 12:00:00,0.0008823179612843636
2023-05-20 12:00:00,0.0008970437949667119
2023-05-21 12:00:00,0.0010381662798080382
2023-05-22 12:00:00,8.208288636218091e-05
2023-05-23 12:00:00,0.0009745321080150151
2023-05-24 12:00:00,0.0005689114044926043
2023-05-25 12:00:00,0.00036442557270674594
2023-05-26 12:00:00,0.0014038159272288689
2023-05-27 12:00:00,0.0008742585391310446
2023-05-28 12:00:00,0.00021522984528997627
2023-05-29 12:00:00,0.0
2023-05-30 12:00:00,0.00014011172222334417
2023-05-31 12:00:00,0.00013932186975788158
2023-06-01 12:00:00,0.0008262536693988752
2023-06-02 12:00:00,0.0007323670632141765
2023-06-03 12:00:00,0.001582639615812499
2023-06-04 12:00:00,0.00037815821479979467
2023-06-05 12:00:00,0.0011035635554409694
2023-06-06 12:00:00,0.0008122403360479708
2023-06-07 12:00:00,0.0008636809757893742
2023-06-08 12:00:00,0.0008741685874401244
2023-06-09 12:00:00,1.0677831526935575
2023-06-10 12:00:00,0.014748544938546234
2023-06-11 12:00:00,0.0015208638209000722
2023-06-12 12:00:00,3.147019917738497e-05
2023-06-13 12:00:00,0.011015822970371566
2023-06-14 12:00:00,0.00013597781194143568
2023-06-15 12:00:00,0.000219765105841745
2023-06-16 12:00:00,0.2411380237093229
2023-06-17 12:00:00,0.0006228285284114904
2023-06-18 12:00:00,0.32327143092987315
2023-06-19 12:00:00,7.8463275434797035
2023-06-20 12:00:00,47.35032307039687
2023-06-21 12:00:00,1.3716624970556004
2023-06-22 12:00:00,0.0839067453435352
2023-06-23 12:00:00,0.0007317295740854285
2023-06-24 12:00:00,7.48918232739036e-05
2023-06-25 12:00:00,0.2997502791269216
2023-06-26 12:00:00,0.00200081718733928
2023-06-27 12:00:00,0.13978441804171793
2023-06-28 12:00:00,2.224627704553389
2023-06-29 12:00:00,2.492937212374003
2023-06-30 12:00:00,9.716641166813329
2023-07-01 12:00:00,0.0006204096853095825
2023-07-02 12:00:00,0.01964952231887681
2023-07-03 12:00:00,2.0423992501339083
2023-07-04 12:00:00,14.464920662895159
2023-07-05 12:00:00,0.14791746533767539
2023-07-06 12:00:00,0.0035073727112869043
2023-07-07 12:00:00,0.013629856537828689
2023-07-08 12:00:00,0.023265501553746157
2023-07-09 12:00:00,0.6556141900289075
2023-07-10 12:00:00,20.133060660541563
2023-07-11 12:00:00,5.20069302960651
2023-07-12 12:00:00,7.249374250659959
2023-07-13 12:00:00,16.81716370565782
2023-07-14 12:00:00,21.658066773734483
2023-07-15 12:00:00,8.373475035482201
2023-07-16 12:00:00,6.159745872617413
2023-07-17 12:00:00,0.30721468274128644
2023-07-18 12:00:00,1.9880297085871517
2023-07-19 12:00:00,0.09019197416683442
2023-07-20 12:00:00,0.001892697443311359
2023-07-21 12:00:00,3.950925093116201
2023-07-22 12:00:00,23.63939157600059
2023-07-23 12:00:00,2.0705301343098057
2023-07-24 12:00:00,0.10804214834526363
2023-07-25 12:00:00,0.006436890924450411
2023-07-26 12:00:00,17.290249919010474
2023-07-27 12:00:00,2.289674732412589
2023-07-28 12:00:00,1.8583675846392738
2023-07-29 12:00:00,6.474691755640751
2023-07-30 12:00:00,6.2834126636913545
2023-07-31 12:00:00,3.314751285667149
2023-08-01 12:00:00,14.948201320567595
2023-08-02 12:00:00,9.06126068121111
2023-08-03 12:00:00,1.6814015505788575
2023-08-04 12:00:00,7.455254683031686
2023-08-05 12:00:00,0.9878747251451977
2023-08-06 12:00:00,0.023968060754658658
2023-08-07 12:00:00,0.8203803671842269
2023-08-08 12:00:00,2.379572299981301
2023-08-09 12:00:00,0.030446932401908006
2023-08-10 12:00:00,0.4928854834447141
2023-08-11 12:00:00,0.27183397545698784
2023-08-12 12:00:00,1.3604214080040544
2023-08-13 12:00:00,10.73476524167959
2023-08-14 12:00:00,0.10224763811623908
2023-08-15 12:00:00,0.009627105249424188
2023-08-16 12:00:00,0.0031086060199711704
2023-08-17 12:00:00,0.006768338011322428
2023-08-18 12:00:00,27.560898884720057
2023-08-19 12:00:00,0.29622327596265613
2023-08-20 12:00:00,0.1252944777637043
2023-08-21 12:00:00,0.18877934306162444
2023-08-22 12:00:00,0.0012620390041193303
2023-08-23 12:00:00,0.041868028699057466
2023-08-24 12:00:00,0.20658833471144786
2023-08-25 12:00:00,3.3316373277582936
2023-08-26 12:00:00,1.1975247253433634
2023-08-27 12:00:00,1.7338274770976945
2023-08-28 12:00:00,0.7080258959046426
2023-08-29 12:00:00,3.0065703239319235
2023-08-30 12:00:00,16.034785862493642
2023-08-31 12:00:00,2.9899402527655723
2023-09-01 12:00:00,1.3449727607866684
2023-09-02 12:00:00,0.004600425519464711
2023-09-03 12:00:00,0.007833732934395777
2023-09-04 12:00:00,0.04016085017287277
2023-09-05 12:00:00,0.004973935702332811
2023-09-06 12:00:00,0.022177772460993096
2023-09-07 12:00:00,0.005220002814678004
2023-09-08 12:00:00,0.13370618338858012
2023-09-09 12:00:00,3.9377672429485004
2023-09-10 12:00:00,0.3128357096959093
2023-09-11 12:00:00,1.0651916570641249
2023-09-12 12:00:00,0.137437630676961
2023-09-13 12:00:00,0.0072030040400014395
2023-09-14 12:00:00,0.023440652198372488
2023-09-15 12:00:00,16.62743721290718
2023-09-16 12:00:00,6.1849670260479375
2023-09-17 12:00:00,15.52300549985252
2023-09-18 12:00:00,1.001589410116342
2023-09-19 12:00:00,14.394954614196054
2023-09-20 12:00:00,6.889069911504118
2023-09-21 12:00:00,10.38340440390442
2023-09-22 12:00:00,0.0330951171793926
2023-09-23 12:00:00,7.458580278136478
2023-09-24 12:00:00,4.026414293659443
2023-09-25 12:00:00,0.009638116528970824
2023-09-26 12:00:00,0.5993606771121812
2023-09-27 12:00:00,2.3988319303633046
2023-09-28 12:00:00,13.186412532388086
2023-09-29 12:00:00,0.021685065411736735
2023-09-30 12:00:00,1.50707351776956
2023-10-01 12:00:00,2.0296493817431647
2023-10-02 12:00:00,5.01994822863495
2023-10-03 12:00:00,1.1620045527465428
2023-10-04 12:00:00,0.018121724936634536
2023-10-05 12:00:00,0.005419202868516057
2023-10-06 12:00:00,0.0040704541414261445
2023-10-07 12:00:00,0.0031898927592913244
2023-10-08 12:00:00,0.011260211915787622
2023-10-09 12:00:00,0.0969526906479347
2023-10-10 12:00:00,0.09851087914121977
2023-10-11 12:00:00,6.912827530898615
2023-10-12 12:00:00,21.331358756806793
2023-10-13 12:00:00,11.146108044902679
2023-10-14 12:00:00,0.19250083876737897
2023-10-15 12:00:00,0.0013800265929678546
2023-10-16 12:00:00,0.0007294259099085003
2023-10-17 12:00:00,1.858692531496655
2023-10-18 12:00:00,5.063123029749365
2023-10-19 12:00:00,2.441106442269863
2023-10-20 12:00:00,9.126299606397229
2023-10-21 12:00:00,1.2300805034707265
2023-10-22 12:00:00,0.9932112240405542
2023-10-23 12:00:00,7.375113692864672
2023-10-24 12:00:00,11.98196939857643
2023-10-25 12:00:00,2.2658535726673823
2023-10-26 12:00:00,3.2168991632267767
2023-10-27 12:00:00,2.81029396434948
2023-10-28 12:00:00,4.733606332056856
2023-10-29 12:00:00,12.465780923736057
2023-10-30 12:00:00,2.483567229086695
2023-10-31 12:00:00,19.966130925527793
2023-11-01 12:00:00,41.087400551639185
2023-11-02 12:00:00,4.329520644055513
2023-11-03 12:00:00,13.948746571466106
2023-11-04 12:00:00,5.884812860929266
2023-11-05 12:00:00,12.329278073631292
2023-11-06 12:00:00,16.867885619505184
2023-11-07 12:00:00,8.619597365862383
2023-11-08 12:00:00,4.422233236953741
2023-11-09 12:00:00,18.2210337020592
2023-11-10 12:00:00,6.091673622376208
2023-11-11 12:00:00,15.164494440763242
2023-11-12 12:00:00,16.56211040232117
2023-11-13 12:00:00,1.0221480118800446
2023-11-14 12:00:00,2.6968618323122455
2023-11-15 12:00:00,17.5661632397001
2023-11-16 12:00:00,3.603240850092853
2023-11-17 12:00:00,12.147725417586773
2023-11-18 12:00:00,1.003918794795255
2023-11-19 12:00:00,6.640338388431188
2023-11-20 12:00:00,10.723653440905995
2023-11-21 12:00:00,0.038671094251615176
2023-11-22 12:00:00,3.979888335590511
2023-11-23 12:00:00,1.2120417307481102
2023-11-24 12:00:00,0.040217432369892746
2023-11-25 12:00:00,1.0660403778599308
2023-11-26 12:00:00,8.856246695961357
2023-11-27 12:00:00,2.044014716033563
2023-11-28 12:00:00,0.729428083835832
2023-11-29 12:00:00,0.5415731496237638
2023-11-30 12:00:00,1.0839702180172495
2023-12-01 12:00:00,0.038230048361390795
2023-12-02 12:00:00,3.1327664163482054
2023-12-03 12:00:00,24.50790836296117
2023-12-04 12:00:00,10.302592072040362
2023-12-05 12:00:00,2.25435482244511
2023-12-06 12:00:00,33.21138754922881
2023-12-07 12:00:00,20.178142849973995
2023-12-08 12:00:00,16.310983194604674
2023-12-09 12:00:00,9.391166020476367
2023-12-10 12:00:00,1.930939348506477
2023-12-11 12:00:00,4.4958778148104095
2023-12-12 12:00:00,11.054606328773033
2023-12-13 12:00:00,1.4381633199690007
2023-12-14 12:00:00,1.6779615562067998
2023-12-15 12:00:00,0.35581166731369746
2023-12-16 12:00:00,0.1738425185559483
2023-12-17 12:00:00,0.00011722955362817711
2023-12-18 12:00:00,14.319480535592916
2023-12-19 12:00:00,2.0171529278820377
2023-12-20 12:00:00,1.6571256559538519
2023-12-21 12:00:00,0.03210551245796828
2023-12-22 12:00:00,1.7337620953818693
2023-12-23 12:00:00,6.642699114699768
2023-12-24 12:00:00,13.150359852797884
2023-12-25 12:00:00,10.018948804466872
2023-12-26 12:00:00,8.541728160919865
2023-12-27 12:00:00,18.933490344190034
2023-12-28 12:00:00,7.434249704483277
2023-12-29 12:00:00,2.029451207376505
2023-12-30 12:00:00,20.504914493937967
2023-12-31 12:00:00,2.2277972820759286
2024-01-01 12:00:00,29.813087354287156
2024-01-02 12:00:00,5.59117105398657
2024-01-03 12:00:00,5.7764184842821
2024-01-04 12:00:00,19.716921449979335
2024-01-05 12:00:00,2.9103942538464542
2024-01-06 12:00:00,2.101719743340699
2024-01-07 12:00:00,0.04600838595688751
2024-01-08 12:00:00,0.0013417376674482427
2024-01-09 12:00:00,0.019928180943541388
2024-01-10 12:00:00,0.0017135461419808538
2024-01-11 12:00:00,0.001616467476458671
2024-01-12 12:00:00,0.0
2024-01-13 12:00:00,0.0
2024-01-14 12:00:00,0.40157499029681937
2024-01-15 12:00:00,0.13502028934264743
2024-01-16 12:00:00,0.0007221187056398419
2024-01-17 12:00:00,0.0020338179605557515
2024-01-18 12:00:00,0.05987147048888796
2024-01-19 12:00:00,0.01512692148917561
2024-01-20 12:00:00,10.449543887800738
2024-01-21 12:00:00,14.531906765061725
2024-01-22 12:00:00,4.013989211442146
2024-01-23 12:00:00,1.4535960466848348
2024-01-24 12:00:00,0.9615401099969879
2024-01-25 12:00:00,2.2432850281907126
2024-01-26 12:00:00,0.006713315263441831
2024-01-27 12:00:00,0.7829202941672325
2024-01-28 12:00:00,1.157450097356257
2024-01-29 12:00:00,2.7234743353767366
2024-01-30 12:00:00,0.011784081172410187
2024-01-31 12:00:00,4.040983796783822
2024-02-01 12:00:00,0.5621758968799084
2024-02-02 12:00:00,1.8244905816026384
2024-02-03 12:00:00,2.67741879204609
2024-02-04 12:00:00,0.5179483088730696
2024-02-05 12:00:00,0.6148526847657437
2024-02-06 12:00:00,27.35120890311627
2024-02-07 12:00:00,19.677517533055223
2024-02-08 12:00:00,20.75296792253987
2024-02-09 12:00:00,5.332968981043863
2024-02-10 12:00:00,10.049520157532825
2024-02-11 12:00:00,3.8072798504664025
2024-02-12 12:00:00,2.313441521286055
2024-02-13 12:00:00,10.267219649242476
2024-02-14 12:00:00,4.840454284109359
2024-02-15 12:00:00,15.185534846842575
2024-02-16 12:00:00,1.8396936893298594
2024-02-17 12:00:00,25.019466515146945
2024-02-18 12:00:00,0.8221658319904656
2024-02-19 12:00:00,0.5063358180247651
2024-02-20 12:00:00,18.616238807909387
2024-02-21 12:00:00,15.022810627857336
2024-02-22 12:00:00,14.320533649932079
2024-02-23 12:00:00,8.009128031740806
2024-02-24 12:00:00,5.116046746322438
2024-02-25 12:00:00,18.766595706146184
2024-02-26 12:00:00,0.022408105438199204
2024-02-27 12:00:00,3.17343880146251
2024-02-28 12:00:00,9.335398971843007
2024-02-29 12:00:00,14.986448756978037
2024-03-01 12:00:00,9.511110890961408
2024-03-02 12:00:00,9.534499775319626
2024-03-03 12:00:00,2.5632135634958186
2024-03-04 12:00:00,25.98008430960399
2024-03-05 12:00:00,0.022546827597457412
2024-03-06 12:00:00,0.09490042362255385
2024-03-07 12:00:00,0.013044578997584134
2024-03-08 12:00:00,0.4166145562181983
2024-03-09 12:00:00,13.410656744739658
2024-03-10 12:00:00,5.3288116670101005
2024-03-11 12:00:00,9.649234985778444
2024-03-12 12:00:00,0.7349154072762251
2024-03-13 12:00:00,0.19686825837252644
2024-03-14 12:00:00,9.423184599511561
2024-03-15 12:00:00,1.6221946999469175
2024-03-16 12:00:00,13.970117232280554
2024-03-17 12:00:00,0.5995686367894002
2024-03-18 12:00:00,2.742109366487325
2024-03-19 12:00:00,1.4281623723837975
2024-03-20 12:00:00,0.006562986766706174
2024-03-21 12:00:00,2.5059970558482445
2024-03-22 12:00:00,1.1493368121721068
2024-03-23 12:00:00,0.7210993500433239
2024-03-24 12:00:00,10.062045940468648
2024-03-25 12:00:00,35.21807448899459
2024-03-26 12:00:00,6.586667603646028
2024-03-27 12:00:00,12.167254201462908
2024-03-28 12:00:00,3.6723508484858396
2024-03-29 12:00:00,1.048865007150962
2024-03-30 12:00:00,4.704859549015546
2024-03-31 12:00:00,12.285255224809717
2024-04-01 12:00:00,5.490075877045152
2024-04-02 12:00:00,11.646832329210676
2024-04-03 12:00:00,5.902981680297624
2024-04-04 12:00:00,18.000373709158904
2024-04-05 12:00:00,5.129894095976441
2024-04-06 12:00:00,4.861064117072104
2024-04-07 12:00:00,7.400424275912298
2024-04-08 12:00:00,18.349155326355902
2024-04-09 12:00:00,3.770638013348741
2024-04-10 12:00:00,7.673423997034286
2024-04-11 12:00:00,0.13083417416784898
2024-04-12 12:00:00,0.0007553806816085642
2024-04-13 12:00:00,3.702534585221941e-05
2024-04-14 12:00:00,2.042340499465695
2024-04-15 12:00:00,1.090704282732359
2024-04-16 12:00:00,0.13060573072756687
2024-04-17 12:00:00,7.9957806381304195
2024-04-18 12:00:00,0.0013820207399272068
2024-04-19 12:00:00,0.1005119931503427
2024-04-20 12:00:00,0.0019229270521954412
2024-04-21 12:00:00,0.0011720376391203206
2024-04-22 12:00:00,0.010458656049800145
2024-04-23 12:00:00,0.0010463007883017305
2024-04-24 12:00:00,0.12623782427462005
2024-04-25 12:00:00,0.02584630867619166
2024-04-26 12:00:00,4.002136915538253
2024-04-27 12:00:00,18.68835872280331
2024-04-28 12:00:00,1.4398229876567328
2024-04-29 12:00:00,29.894721119590347
2024-04-30 12:00:00,7.606351508420451
2024-05-01 12:00:00,10.458130219784174
2024-05-02 12:00:00,0.024995466919737173
2024-05-03 12:00:00,0.09231588793132826
2024-05-04 12:00:00,1.987558697288639
2024-05-05 12:00:00,5.590407061035184
2024-05-06 12:00:00,0.00029375730802247055
2024-05-07 12:00:00,0.0010610331962621483
2024-05-08 12:00:00,0.0009387688953854369
2024-05-09 12:00:00,7.184117844800891e-05
2024-05-10 12:00:00,0.00010622062768224466
2024-05-11 12:00:00,0.00043756503422724485
2024-05-12 12:00:00,13.58168194607087
2024-05-13 12:00:00,20.23778162069828
2024-05-14 12:00:00,4.036887906392804
2024-05-15 12:00:00,0.03058370266963254
2024-05-16 12:00:00,2.434073711120721
2024-05-17 12:00:00,0.020476034325350372
2024-05-18 12:00:00,0.2559674130371004
2024-05-19 12:00:00,3.252724915107265e-05
2024-05-20 12:00:00,0.01596683399818433
2024-05-21 12:00:00,0.1717195997723237
2024-05-22 12:00:00,1.4687579556618973
2024-05-23 12:00:00,0.00027492166489686746
2024-05-24 12:00:00,0.009310496065629949
2024-05-25 12:00:00,7.5467211837468255
2024-05-26 12:00:00,1.7650119108368532
2024-05-27 12:00:00,4.299790180411077
2024-05-28 12:00:00,5.776279955208578
2024-05-29 12:00:00,1.419664830300267
2024-05-30 12:00:00,0.01572107126327352
2024-05-31 12:00:00,6.0799001119968225e-05
2024-06-01 12:00:00,0.0011960347601818393
2024-06-02 12:00:00,0.0011263028900226123
2024-06-03 12:00:00,0.0008345796084487249
2024-06-04 12:00:00,0.9512766837319311
2024-06-05 12:00:00,0.889230559531232
2024-06-06 12:00:00,0.004669081325746449
2024-06-07 12:00:00,0.41144853553430377
2024-06-08 12:00:00,0.09130636565363039
2024-06-09 12:00:00,0.7906457968963679
2024-06-10 12:00:00,0.0005203797956865231
2024-06-11 12:00:00,2.5192800636380466
2024-06-12 12:00:00,0.5447448100750786
2024-06-13 12:00:00,14.410691135153613
2024-06-14 12:00:00,5.29831155283886
2024-06-15 12:00:00,2.2499059405826576
2024-06-16 12:00:00,0.012425322367215767
2024-06-17 12:00:00,0.0009523533678512758
2024-06-18 12:00:00,0.0013935410317464493
2024-06-19 12:00:00,0.0009597809152357618
2024-06-20 12:00:00,2.7722794378679386e-05
2024-06-21 12:00:00,3.954891147106411
2024-06-22 12:00:00,0.372667445763071
2024-06-23 12:00:00,1.1779699714843845
2024-06-24 12:00:00,0.09114992966302311
2024-06-25 12:00:00,0.002116088000914862
2024-06-26 12:00:00,0.10985419049849954
2024-06-27 12:00:00,0.11212540629778428
2024-06-28 12:00:00,0.0005819469230972941
2024-06-29 12:00:00,0.6551366152936169
2024-06-30 12:00:00,0.5652711338098215
2024-07-01 12:00:00,1.3268182971178368
2024-07-02 12:00:00,0.28950928510013424
2024-07-03 12:00:00,0.6499406751033769
2024-07-04 12:00:00,10.723776743790118
2024-07-05 12:00:00,22.91912848942709
2024-07-06 12:00:00,4.492851621403299
2024-07-07 12:00:00,0.8182658600945418
2024-07-08 12:00:00,17.330277089055823
2024-07-09 12:00:00,0.67863530385272
2024-07-10 12:00:00,0.0971586085360615
2024-07-11 12:00:00,0.9955574882477571
2024-07-12 12:00:00,1.4666932877416339
2024-07-13 12:00:00,0.0016908437748791197
2024-07-14 12:00:00,5.714852753800158
2024-07-15 12:00:00,13.894515138128186
2024-07-16 12:00:00,0.001481527668088572
2024-07-17 12:00:00,0.005269899586871326
2024-07-18 12:00:00,0.08940463658668227
2024-07-19 12:00:00,3.768113761373634
2024-07-20 12:00:00,7.47595326539377
2024-07-21 12:00:00,1.0158097878916978
2024-07-22 12:00:00,1.5000119023385383
2024-07-23 12:00:00,0.45611739470206764
2024-07-24 12:00:00,12.249670171008228
2024-07-25 12:00:00,1.2871436936210583
2024-07-26 12:00:00,0.0038643613912635612
2024-07-27 12:00:00,0.02003980045124981
2024-07-28 12:00:00,0.0003539367258100877
2024-07-29 12:00:00,0.0007628101681017127
2024-07-30 12:00:00,0.0013248680683156813
2024-07-31 12:00:00,0.02003525555059768
2024-08-01 12:00:00,0.0020173793398799477
2024-08-02 12:00:00,1.4104741957020757
2024-08-03 12:00:00,0.006259519922437532
2024-08-04 12:00:00,0.23697490420776912
2024-08-05 12:00:00,4.246386205789652
2024-08-06 12:00:00,0.6181809986927304
2024-08-07 12:00:00,2.256562780762681
2024-08-08 12:00:00,6.164677525669019
2024-08-09 12:00:00,0.15177855172922042
2024-08-10 12:00:00,3.038889211727876
2024-08-11 12:00:00,0.023975679524588175
2024-08-12 12:00:00,0.10763590023644111
2024-08-13 12:00:00,4.096616223695408
2024-08-14 12:00:00,0.24327327059659334
2024-08-15 12:00:00,1.365036338205017
2024-08-16 12:00:00,0.0012696056345012899
2024-08-17 12:00:00,0.10884910796560959
2024-08-18 12:00:00,0.14253583369728817
2024-08-19 12:00:00,5.437595523912068
2024-08-20 12:00:00,0.29172630498853486
2024-08-21 12:00:00,2.5780618086173215
2024-08-22 12:00:00,5.1759137191167754
2024-08-23 12:00:00,3.205127756589052
2024-08-24 12:00:00,1.8758558579569802
2024-08-25 12:00:00,1.398769436252714
2024-08-26 12:00:00,0.001727013008661733
2024-08-27 12:00:00,1.8238891902296255
2024-08-28 12:00:00,0.28142599780642336
2024-08-29 12:00:00,0.01208605514033542
2024-08-30 12:00:00,0.002102243883672129
2024-08-31 12:00:00,0.0009620112049854782
2024-09-01 12:00:00,1.026416607102461
2024-09-02 12:00:00,2.6129292149694083
2024-09-03 12:00:00,0.8373178248029614
2024-09-04 12:00:00,0.049810748656907135
2024-09-05 12:00:00,18.612700383799368
2024-09-06 12:00:00,0.1604645148017493
2024-09-07 12:00:00,18.336500052030406
2024-09-08 12:00:00,4.4295487963640365
2024-09-09 12:00:00,1.097805225954388
2024-09-10 12:00:00,5.8316991452727756
2024-09-11 12:00:00,0.40395277275930314
2024-09-12 12:00:00,0.341128918903469
2024-09-13 12:00:00,0.0006398265081207253
2024-09-14 12:00:00,0.0918836513648523
2024-09-15 12:00:00,0.7520671591512568
2024-09-16 12:00:00,0.09139992188798526
2024-09-17 12:00:00,0.005919548322428675
2024-09-18 12:00:00,0.0006322190564287634
2024-09-19 12:00:00,0.0005201891740343219
2024-09-20 12:00:00,0.020320492141922348
2024-09-21 12:00:00,17.21084735542037
2024-09-22 12:00:00,2.4355498536253015
2024-09-23 12:00:00,0.3877008627853705
2024-09-24 12:00:00,7.242774273183333
2024-09-25 12:00:00,20.217453209934693
2024-09-26 12:00:00,9.718630506532833
2024-09-27 12:00:00,3.485951578592809
2024-09-28 12:00:00,0.0016117007102237175
2024-09-29 12:00:00,44.7365286409078
2024-09-30 12:00:00,0.42326264221672655
2024-10-01 12:00:00,0.47008496591925575
2024-10-02 12:00:00,0.12320069132307689
2024-10-03 12:00:00,0.008259764242137157
2024-10-04 12:00:00,0.0005549642821720287
2024-10-05 12:00:00,6.145406850605261
2024-10-06 12:00:00,13.13831639591246
2024-10-07 12:00:00,31.650403920888227
2024-10-08 12:00:00,11.500079839866604
2024-10-09 12:00:00,2.873197780465069
2024-10-10 12:00:00,0.9540771338962541
2024-10-11 12:00:00,0.12710638611773845
2024-10-12 12:00:00,0.3217501287943418
2024-10-13 12:00:00,29.500810797281904
2024-10-14 12:00:00,1.8067800765152136
2024-10-15 12:00:00,30.927345689775965
2024-10-16 12:00:00,7.477055808928717
2024-10-17 12:00:00,1.5300669425555684
2024-10-18 12:00:00,9.11314275076679
2024-10-19 12:00:00,11.717643788995057
2024-10-20 12:00:00,2.520302950472958
2024-10-21 12:00:00,1.0068184474300976
2024-10-22 12:00:00,0.7002747454706072
2024-10-23 12:00:00,0.1642251771484294
2024-10-24 12:00:00,2.14439679846952
2024-10-25 12:00:00,0.5059187842390755
2024-10-26 12:00:00,0.3635239492747976
2024-10-27 12:00:00,3.473540884602704
2024-10-28 12:00:00,4.1388720429929675
2024-10-29 12:00:00,0.9311158803403081
2024-10-30 12:00:00,0.001807832864823905
2024-10-31 12:00:00,0.0002768828766428375
2024-11-01 12:00:00,0.0003318144007624614
2024-11-02 12:00:00,0.2764038248025882
2024-11-03 12:00:00,5.929303035878376e-05
2024-11-04 12:00:00,0.0008141535139224552
2024-11-05 12:00:00,0.317218464595486
2024-11-06 12:00:00,0.15009936311234562
2024-11-07 12:00:00,0.006878205087462092
2024-11-08 12:00:00,0.9379329090646058
2024-11-09 12:00:00,0.9017267381082329
2024-11-10 12:00:00,0.33932767508963346
2024-11-11 12:00:00,0.0068090073279289945
2024-11-12 12:00:00,0.0011672942572035143
2024-11-13 12:00:00,0.003690062902856883
2024-11-14 12:00:00,0.008180622849484674
2024-11-15 12:00:00,0.002606432556104483
2024-11-16 12:00:00,1.1568250565429794
2024-11-17 12:00:00,15.46301199568099
2024-11-18 12:00:00,23.103078852511466
2024-11-19 12:00:00,1.67073400679372
2024-11-20 12:00:00,14.732009229721145
2024-11-21 12:00:00,5.910229085409795
2024-11-22 12:00:00,12.984429621863747
2024-11-23 12:00:00,45.90468493102178
2024-11-24 12:00:00,11.027039317361144
2024-11-25 12:00:00,0.9417279485474002
2024-11-26 12:00:00,6.926570820187477
2024-11-27 12:00:00,0.05604654291062129
2024-11-28 12:00:00,1.9447722642575054
2024-11-29 12:00:00,7.590422199611775
2024-11-30 12:00:00,21.727103005455486
2024-12-01 12:00:00,3.2924626530053414
2024-12-02 12:00:00,0.11347730610408689
2024-12-03 12:00:00,0.01498049689084404
2024-12-04 12:00:00,14.879972136581683
2024-12-05 12:00:00,4.3810390566405095
2024-12-06 12:00:00,6.9274199771453775
2024-12-07 12:00:00,2.8142639513131265
2024-12-08 12:00:00,0.003612937320330065
2024-12-09 12:00:00,0.0013566067467955384
2024-12-10 12:00:00,0.00013059892030222527
2024-12-11 12:00:00,0.00037756999386083506
2024-12-12 12:00:00,0.0004634037279164205
2024-12-13 12:00:00,2.26223648807887
2024-12-14 12:00:00,2.177975861785955
2024-12-15 12:00:00,2.921764769716076
2024-12-16 12:00:00,0.7375450650319558
2024-12-17 12:00:00,5.517592075563669
2024-12-18 12:00:00,9.484972308326272
2024-12-19 12:00:00,1.4031072417239567
2024-12-20 12:00:00,5.038451453899388
2024-12-21 12:00:00,6.13112389041854
2024-12-22 12:00:00,2.0729307528430323
2024-12-23 12:00:00,7.703171781409601
2024-12-24 12:00:00,0.7885212740359393
2024-12-25 12:00:00,0.2937052910688994
2024-12-26 12:00:00,0.3642211618335776
2024-12-27 12:00:00,1.3423954083549487
2024-12-28 12:00:00,0.2699154238363533
2024-12-29 12:00:00,1.2568572451549362
2024-12-30 12:00:00,0.26160750559601215
2024-12-31 12:00:00,1.060810858364098
