Date,TasMax
2020-01-01 12:00:00,8.734000613398898
2020-01-02 12:00:00,10.851106028214621
2020-01-03 12:00:00,8.948538531793655
2020-01-04 12:00:00,8.89700433599182
2020-01-05 12:00:00,8.87304689528376
2020-01-06 12:00:00,10.052353653883516
2020-01-07 12:00:00,12.168671072691541
2020-01-08 12:00:00,11.588770859572566
2020-01-09 12:00:00,9.45689460016177
2020-01-10 12:00:00,9.218506192568505
2020-01-11 12:00:00,10.675317586837798
2020-01-12 12:00:00,10.013893919562479
2020-01-13 12:00:00,9.69253079763299
2020-01-14 12:00:00,12.670243145239839
2020-01-15 12:00:00,9.491805523810546
2020-01-16 12:00:00,11.377354639088542
2020-01-17 12:00:00,7.711954634872805
2020-01-18 12:00:00,6.707158694929732
2020-01-19 12:00:00,9.120164273881793
2020-01-20 12:00:00,9.54065111856831
2020-01-21 12:00:00,8.958247054129075
2020-01-22 12:00:00,7.767009776872227
2020-01-23 12:00:00,5.5468624143721454
2020-01-24 12:00:00,6.420576936512606
2020-01-25 12:00:00,9.057257284496142
2020-01-26 12:00:00,9.574672686689471
2020-01-27 12:00:00,8.106457281133165
2020-01-28 12:00:00,6.862060742170663
2020-01-29 12:00:00,9.978646539442941
2020-01-30 12:00:00,10.874271004507994
2020-01-31 12:00:00,11.383004512028034
2020-02-01 12:00:00,11.789117951785478
2020-02-02 12:00:00,11.110051640428631
2020-02-03 12:00:00,9.37086280165772
2020-02-04 12:00:00,9.061828279758412
2020-02-05 12:00:00,9.29171627287885
2020-02-06 12:00:00,8.064282811846935
2020-02-07 12:00:00,10.152441177347818
2020-02-08 12:00:00,11.22724963308022
2020-02-09 12:00:00,12.303354914127695
2020-02-10 12:00:00,9.078800018233029
2020-02-11 12:00:00,7.218348850154005
2020-02-12 12:00:00,8.501262124346889
2020-02-13 12:00:00,9.449849605760956
2020-02-14 12:00:00,10.676054977020028
2020-02-15 12:00:00,12.422089513399136
2020-02-16 12:00:00,8.193409865790805
2020-02-17 12:00:00,8.801469079619455
2020-02-18 12:00:00,8.913904878580958
2020-02-19 12:00:00,9.919808508561312
2020-02-20 12:00:00,9.786955245975928
2020-02-21 12:00:00,9.943249646115865
2020-02-22 12:00:00,11.278796372015883
2020-02-23 12:00:00,11.226785802654788
2020-02-24 12:00:00,10.130713475666807
2020-02-25 12:00:00,8.282968568472487
2020-02-26 12:00:00,7.742456745229202
2020-02-27 12:00:00,10.153682503687994
2020-02-28 12:00:00,10.979099562694774
2020-02-29 12:00:00,6.68259688319724
2020-03-01 12:00:00,8.554237075782714
2020-03-02 12:00:00,7.990728674177946
2020-03-03 12:00:00,9.216800771090623
2020-03-04 12:00:00,9.949495983772584
2020-03-05 12:00:00,7.315115030624598
2020-03-06 12:00:00,9.410972717726743
2020-03-07 12:00:00,11.976715828577955
2020-03-08 12:00:00,9.92141581657559
2020-03-09 12:00:00,10.61314357671063
2020-03-10 12:00:00,11.577915833231947
2020-03-11 12:00:00,12.909610355830313
2020-03-12 12:00:00,8.206057256901198
2020-03-13 12:00:00,8.46683977097627
2020-03-14 12:00:00,9.569396009878917
2020-03-15 12:00:00,9.908706378203977
2020-03-16 12:00:00,10.967175923789823
2020-03-17 12:00:00,10.801536584124772
2020-03-18 12:00:00,11.410801720280574
2020-03-19 12:00:00,10.832017996528808
2020-03-20 12:00:00,10.346179583173473
2020-03-21 12:00:00,8.18665219569587
2020-03-22 12:00:00,11.539203300030712
2020-03-23 12:00:00,11.808867783122526
2020-03-24 12:00:00,13.77530226628541
2020-03-25 12:00:00,14.170285493152026
2020-03-26 12:00:00,14.353300323646431
2020-03-27 12:00:00,11.925072686448438
2020-03-28 12:00:00,11.438269423110537
2020-03-29 12:00:00,8.289098496883653
2020-03-30 12:00:00,11.226225786533885
2020-03-31 12:00:00,10.240210887647045
2020-04-01 12:00:00,10.198555027557617
2020-04-02 12:00:00,11.872233432261735
2020-04-03 12:00:00,11.088493675468671
2020-04-04 12:00:00,14.115035465334511
2020-04-05 12:00:00,17.148099684713234
2020-04-06 12:00:00,14.129933774627641
2020-04-07 12:00:00,15.762735626525997
2020-04-08 12:00:00,19.570141789032512
2020-04-09 12:00:00,21.137315883167744
2020-04-10 12:00:00,23.20366775949592
2020-04-11 12:00:00,23.87059392318342
2020-04-12 12:00:00,17.477133586280974
2020-04-13 12:00:00,14.536493829519449
2020-04-14 12:00:00,12.508251811877745
2020-04-15 12:00:00,16.091018602759537
2020-04-16 12:00:00,18.256893797818357
2020-04-17 12:00:00,13.605211625634245
2020-04-18 12:00:00,15.068118258218764
2020-04-19 12:00:00,16.755238263600862
2020-04-20 12:00:00,17.504993641463912
2020-04-21 12:00:00,19.30895500176588
2020-04-22 12:00:00,20.285820259727956
2020-04-23 12:00:00,20.01382204584056
2020-04-24 12:00:00,17.85022837930191
2020-04-25 12:00:00,14.709752676666948
2020-04-26 12:00:00,16.654046981002296
2020-04-27 12:00:00,14.442726773828282
2020-04-28 12:00:00,12.195364881189457
2020-04-29 12:00:00,12.324142149563245
2020-04-30 12:00:00,11.604113191527212
2020-05-01 12:00:00,12.749474334014735
2020-05-02 12:00:00,15.42874893497734
2020-05-03 12:00:00,13.238246402557376
2020-05-04 12:00:00,15.741366345894132
2020-05-05 12:00:00,11.117133274975014
2020-05-06 12:00:00,16.28855987186299
2020-05-07 12:00:00,18.996536318171056
2020-05-08 12:00:00,19.390535890813133
2020-05-09 12:00:00,22.414735839674773
2020-05-10 12:00:00,21.413604886208056
2020-05-11 12:00:00,11.912945529231871
2020-05-12 12:00:00,14.086094263713704
2020-05-13 12:00:00,14.48847063753227
2020-05-14 12:00:00,14.018982266904894
2020-05-15 12:00:00,14.88035755512751
2020-05-16 12:00:00,17.241257131479074
2020-05-17 12:00:00,16.46825829581753
2020-05-18 12:00:00,17.59228845153378
2020-05-19 12:00:00,16.36298145317956
2020-05-20 12:00:00,20.78188200484783
2020-05-21 12:00:00,21.45532918982746
2020-05-22 12:00:00,16.40737662851908
2020-05-23 12:00:00,15.11380617480888
2020-05-24 12:00:00,17.95454920289583
2020-05-25 12:00:00,19.634027287512353
2020-05-26 12:00:00,21.674232724392986
2020-05-27 12:00:00,25.178303033300388
2020-05-28 12:00:00,21.631934387056877
2020-05-29 12:00:00,22.59718379741539
2020-05-30 12:00:00,23.62276899541643
2020-05-31 12:00:00,23.808538899315906
2020-06-01 12:00:00,23.830375366574273
2020-06-02 12:00:00,25.576269957834587
2020-06-03 12:00:00,14.958727959162635
2020-06-04 12:00:00,15.54870369976277
2020-06-05 12:00:00,15.99415825766259
2020-06-06 12:00:00,11.539344278096419
2020-06-07 12:00:00,14.999112424530491
2020-06-08 12:00:00,17.157155755325515
2020-06-09 12:00:00,16.582019960615845
2020-06-10 12:00:00,14.273156908574501
2020-06-11 12:00:00,17.232034281864056
2020-06-12 12:00:00,16.58746841399575
2020-06-13 12:00:00,16.22792278322437
2020-06-14 12:00:00,17.079303534603927
2020-06-15 12:00:00,18.089045888968283
2020-06-16 12:00:00,17.90822082738047
2020-06-17 12:00:00,16.670919775602798
2020-06-18 12:00:00,14.012602690878472
2020-06-19 12:00:00,16.742072253946397
2020-06-20 12:00:00,17.751930481102494
2020-06-21 12:00:00,16.885135316357673
2020-06-22 12:00:00,17.23150071339683
2020-06-23 12:00:00,24.350962803507432
2020-06-24 12:00:00,27.09407243266137
2020-06-25 12:00:00,27.802820509341363
2020-06-26 12:00:00,16.85936629402751
2020-06-27 12:00:00,16.02956971723102
2020-06-28 12:00:00,16.41197802663821
2020-06-29 12:00:00,16.144715968379064
2020-06-30 12:00:00,17.26628797483077
2020-07-01 12:00:00,17.250353284766422
2020-07-02 12:00:00,17.52019853850583
2020-07-03 12:00:00,15.897946213231183
2020-07-04 12:00:00,16.096190064278314
2020-07-05 12:00:00,16.459905962160036
2020-07-06 12:00:00,17.626865559754943
2020-07-07 12:00:00,17.08228144832594
2020-07-08 12:00:00,16.39969110481918
2020-07-09 12:00:00,16.458951551053897
2020-07-10 12:00:00,17.208452939083315
2020-07-11 12:00:00,20.90434362661882
2020-07-12 12:00:00,21.823799989644147
2020-07-13 12:00:00,19.19337360728744
2020-07-14 12:00:00,16.994950883755784
2020-07-15 12:00:00,17.406378026437846
2020-07-16 12:00:00,19.433436484918193
2020-07-17 12:00:00,21.477388835008032
2020-07-18 12:00:00,20.0340990518827
2020-07-19 12:00:00,19.941888889445536
2020-07-20 12:00:00,19.561495342161994
2020-07-21 12:00:00,21.590270934339088
2020-07-22 12:00:00,21.97620617065361
2020-07-23 12:00:00,16.775741845439182
2020-07-24 12:00:00,18.688380760472025
2020-07-25 12:00:00,18.801595920008925
2020-07-26 12:00:00,18.825348354543458
2020-07-27 12:00:00,19.012888779651856
2020-07-28 12:00:00,18.378607075750402
2020-07-29 12:00:00,18.870629071227526
2020-07-30 12:00:00,22.535664505939824
2020-07-31 12:00:00,23.78235494907077
2020-08-01 12:00:00,18.50537021068824
2020-08-02 12:00:00,18.17893866534063
2020-08-03 12:00:00,19.623750745274062
2020-08-04 12:00:00,17.592922471438303
2020-08-05 12:00:00,17.943728664989038
2020-08-06 12:00:00,20.619536147126727
2020-08-07 12:00:00,26.278499961729548
2020-08-08 12:00:00,21.758175494381785
2020-08-09 12:00:00,23.868137945419292
2020-08-10 12:00:00,24.18168156969694
2020-08-11 12:00:00,25.46819136336613
2020-08-12 12:00:00,27.547311202588794
2020-08-13 12:00:00,25.39659974309096
2020-08-14 12:00:00,19.328025881816455
2020-08-15 12:00:00,22.9882078993368
2020-08-16 12:00:00,19.766887518702866
2020-08-17 12:00:00,18.32590376441806
2020-08-18 12:00:00,21.33515540830373
2020-08-19 12:00:00,19.20373706036975
2020-08-20 12:00:00,18.460567513919482
2020-08-21 12:00:00,19.02225044995665
2020-08-22 12:00:00,18.38199082318827
2020-08-23 12:00:00,17.681587532770266
2020-08-24 12:00:00,18.333760551621246
2020-08-25 12:00:00,17.057549984686432
2020-08-26 12:00:00,19.669721141797446
2020-08-27 12:00:00,18.70817884003836
2020-08-28 12:00:00,16.167218776601917
2020-08-29 12:00:00,16.91286120982928
2020-08-30 12:00:00,18.841222523624644
2020-08-31 12:00:00,17.55192070388686
2020-09-01 12:00:00,18.66016154599965
2020-09-02 12:00:00,17.574443152482342
2020-09-03 12:00:00,17.126447914668823
2020-09-04 12:00:00,17.58766502625573
2020-09-05 12:00:00,17.782999714228687
2020-09-06 12:00:00,18.200672209442697
2020-09-07 12:00:00,17.36183647420908
2020-09-08 12:00:00,21.02704986684286
2020-09-09 12:00:00,18.812054503712762
2020-09-10 12:00:00,19.55472526532583
2020-09-11 12:00:00,15.320917765466113
2020-09-12 12:00:00,19.045004119166283
2020-09-13 12:00:00,20.25515668887659
2020-09-14 12:00:00,26.100811546146744
2020-09-15 12:00:00,20.62396011611222
2020-09-16 12:00:00,22.856861956077644
2020-09-17 12:00:00,22.066078118436508
2020-09-18 12:00:00,20.991384944967475
2020-09-19 12:00:00,20.119898361554107
2020-09-20 12:00:00,22.180156382617238
2020-09-21 12:00:00,23.955788424701197
2020-09-22 12:00:00,17.021334314023257
2020-09-23 12:00:00,14.288667926470042
2020-09-24 12:00:00,11.88411537927508
2020-09-25 12:00:00,13.890291713061544
2020-09-26 12:00:00,13.88699296389835
2020-09-27 12:00:00,14.823752548793221
2020-09-28 12:00:00,16.227356675139365
2020-09-29 12:00:00,17.50298475401441
2020-09-30 12:00:00,15.19574967233189
2020-10-01 12:00:00,12.83259424950387
2020-10-02 12:00:00,12.039635691135466
2020-10-03 12:00:00,11.23754143539462
2020-10-04 12:00:00,11.830178140711258
2020-10-05 12:00:00,12.504202892496446
2020-10-06 12:00:00,14.005895236453268
2020-10-07 12:00:00,15.330023775363617
2020-10-08 12:00:00,13.969575402296007
2020-10-09 12:00:00,13.232073843604091
2020-10-10 12:00:00,13.670617901790761
2020-10-11 12:00:00,14.036941664349628
2020-10-12 12:00:00,13.83144129997662
2020-10-13 12:00:00,12.531009838158528
2020-10-14 12:00:00,14.402859530825138
2020-10-15 12:00:00,13.20998916684924
2020-10-16 12:00:00,13.340762964689823
2020-10-17 12:00:00,11.635045874657315
2020-10-18 12:00:00,13.654539332992536
2020-10-19 12:00:00,13.613089879756258
2020-10-20 12:00:00,14.767688298818447
2020-10-21 12:00:00,14.26412102053502
2020-10-22 12:00:00,13.37635762539276
2020-10-23 12:00:00,13.162851194235696
2020-10-24 12:00:00,12.293252706819532
2020-10-25 12:00:00,11.734180989903166
2020-10-26 12:00:00,12.830477804607678
2020-10-27 12:00:00,13.338125114833737
2020-10-28 12:00:00,12.49313291343806
2020-10-29 12:00:00,13.921825355137864
2020-10-30 12:00:00,14.186132010973893
2020-10-31 12:00:00,14.246081981030093
2020-11-01 12:00:00,15.590547213100143
2020-11-02 12:00:00,12.153994145457553
2020-11-03 12:00:00,9.088228600295102
2020-11-04 12:00:00,11.69649899975658
2020-11-05 12:00:00,11.409163048169464
2020-11-06 12:00:00,12.870656402458305
2020-11-07 12:00:00,15.062981081408289
2020-11-08 12:00:00,12.971469977194783
2020-11-09 12:00:00,13.176218269112974
2020-11-10 12:00:00,12.596497995065647
2020-11-11 12:00:00,12.472826308358055
2020-11-12 12:00:00,12.497794134659102
2020-11-13 12:00:00,12.917700595134049
2020-11-14 12:00:00,13.126735299607061
2020-11-15 12:00:00,9.887386514540948
2020-11-16 12:00:00,12.029048009909967
2020-11-17 12:00:00,12.655077112227534
2020-11-18 12:00:00,13.746624315591996
2020-11-19 12:00:00,10.149098080216882
2020-11-20 12:00:00,10.136260974922534
2020-11-21 12:00:00,10.575370355975782
2020-11-22 12:00:00,10.089863513036926
2020-11-23 12:00:00,11.490919430106693
2020-11-24 12:00:00,11.794119745227992
2020-11-25 12:00:00,10.539057745796464
2020-11-26 12:00:00,10.055499657205145
2020-11-27 12:00:00,10.52819887164658
2020-11-28 12:00:00,12.55043125877125
2020-11-29 12:00:00,12.926601596579673
2020-11-30 12:00:00,9.882241127745276
2020-12-01 12:00:00,9.72983794667429
2020-12-02 12:00:00,9.761561120639085
2020-12-03 12:00:00,5.918818021456775
2020-12-04 12:00:00,6.978564921268212
2020-12-05 12:00:00,6.759027229335125
2020-12-06 12:00:00,9.646228196048263
2020-12-07 12:00:00,5.650823451577267
2020-12-08 12:00:00,7.8403542313985275
2020-12-09 12:00:00,8.977772021003704
2020-12-10 12:00:00,10.540603208407363
2020-12-11 12:00:00,9.75565608977457
2020-12-12 12:00:00,10.972688574937271
2020-12-13 12:00:00,11.839746823827316
2020-12-14 12:00:00,10.127509192010622
2020-12-15 12:00:00,9.908928652399759
2020-12-16 12:00:00,9.608504465569615
2020-12-17 12:00:00,11.825858627265994
2020-12-18 12:00:00,12.043056233638737
2020-12-19 12:00:00,10.536280170443279
2020-12-20 12:00:00,12.20360214182433
2020-12-21 12:00:00,12.68622996728168
2020-12-22 12:00:00,11.745555382557026
2020-12-23 12:00:00,10.932640991514988
2020-12-24 12:00:00,7.503787642463095
2020-12-25 12:00:00,8.114358752424089
2020-12-26 12:00:00,9.656639052944179
2020-12-27 12:00:00,6.892022467237548
2020-12-28 12:00:00,5.171687966510623
2020-12-29 12:00:00,5.181197266386883
2020-12-30 12:00:00,3.5151884188703244
2020-12-31 12:00:00,5.8961086341728315
2021-01-01 12:00:00,5.917934692750136
2021-01-02 12:00:00,5.119309809463967
2021-01-03 12:00:00,4.620404204269301
2021-01-04 12:00:00,4.909346673320029
2021-01-05 12:00:00,3.3517664606239723
2021-01-06 12:00:00,3.897511457414729
2021-01-07 12:00:00,6.422664496023655
2021-01-08 12:00:00,5.556358225539935
2021-01-09 12:00:00,1.3951816670245512
2021-01-10 12:00:00,6.296978275606767
2021-01-11 12:00:00,9.037691583930096
2021-01-12 12:00:00,9.515170488874972
2021-01-13 12:00:00,9.590193117384127
2021-01-14 12:00:00,8.3430397818587
2021-01-15 12:00:00,10.202313104949829
2021-01-16 12:00:00,9.087977386346564
2021-01-17 12:00:00,8.252866322692585
2021-01-18 12:00:00,10.339576227490314
2021-01-19 12:00:00,10.818063378990672
2021-01-20 12:00:00,10.078065621106703
2021-01-21 12:00:00,6.91696783095121
2021-01-22 12:00:00,7.465321004140283
2021-01-23 12:00:00,6.6815335961374265
2021-01-24 12:00:00,5.88690141684747
2021-01-25 12:00:00,6.731187141111601
2021-01-26 12:00:00,9.576499143078458
2021-01-27 12:00:00,11.073332857623269
2021-01-28 12:00:00,11.929003703406963
2021-01-29 12:00:00,10.27580849407838
2021-01-30 12:00:00,9.590556475380549
2021-01-31 12:00:00,6.202793927441412
2021-02-01 12:00:00,10.987700570800198
2021-02-02 12:00:00,11.343600625797501
2021-02-03 12:00:00,9.430372174865985
2021-02-04 12:00:00,8.585010853029441
2021-02-05 12:00:00,7.479663505724158
2021-02-06 12:00:00,8.063184183967502
2021-02-07 12:00:00,4.359359665438544
2021-02-08 12:00:00,2.420619431964292
2021-02-09 12:00:00,0.2748015894699911
2021-02-10 12:00:00,2.68841015401771
2021-02-11 12:00:00,2.703610183923418
2021-02-12 12:00:00,4.65300841046102
2021-02-13 12:00:00,7.612013629866968
2021-02-14 12:00:00,9.916630058143532
2021-02-15 12:00:00,10.913486420722409
2021-02-16 12:00:00,10.941727242340114
2021-02-17 12:00:00,9.771771608258526
2021-02-18 12:00:00,9.315824410932125
2021-02-19 12:00:00,11.00445687026797
2021-02-20 12:00:00,11.832999545760794
2021-02-21 12:00:00,8.987785500769748
2021-02-22 12:00:00,11.371137073943828
2021-02-23 12:00:00,11.094752512616298
2021-02-24 12:00:00,11.759714155384136
2021-02-25 12:00:00,11.103772041983571
2021-02-26 12:00:00,10.74109653858212
2021-02-27 12:00:00,12.626787662367482
2021-02-28 12:00:00,12.982391869710845
2021-03-01 12:00:00,10.729944186831801
2021-03-02 12:00:00,11.193969927253509
2021-03-03 12:00:00,10.413587283541062
2021-03-04 12:00:00,7.28739378288785
2021-03-05 12:00:00,7.917653381850404
2021-03-06 12:00:00,6.611676113711139
2021-03-07 12:00:00,7.70172032606096
2021-03-08 12:00:00,9.03061581610362
2021-03-09 12:00:00,8.803606125938236
2021-03-10 12:00:00,11.205884246186372
2021-03-11 12:00:00,8.247104012419847
2021-03-12 12:00:00,8.852643531627564
2021-03-13 12:00:00,8.132786899073146
2021-03-14 12:00:00,9.915306165724296
2021-03-15 12:00:00,10.485695564711632
2021-03-16 12:00:00,12.148106659344595
2021-03-17 12:00:00,12.390477303330812
2021-03-18 12:00:00,10.873786909020847
2021-03-19 12:00:00,11.467647588054126
2021-03-20 12:00:00,9.683763552981564
2021-03-21 12:00:00,11.354527710386654
2021-03-22 12:00:00,11.1324757748534
2021-03-23 12:00:00,10.991878757159691
2021-03-24 12:00:00,13.062280356172945
2021-03-25 12:00:00,13.384991283250086
2021-03-26 12:00:00,9.618281693049857
2021-03-27 12:00:00,11.511707167532192
2021-03-28 12:00:00,11.281882124046327
2021-03-29 12:00:00,14.789131874602036
2021-03-30 12:00:00,21.09332625123157
2021-03-31 12:00:00,18.401072507251104
2021-04-01 12:00:00,18.46348610052314
2021-04-02 12:00:00,14.051731345724559
2021-04-03 12:00:00,11.141703318541133
2021-04-04 12:00:00,13.47274291354917
2021-04-05 12:00:00,8.929894109496296
2021-04-06 12:00:00,7.889611668329804
2021-04-07 12:00:00,8.23783974183644
2021-04-08 12:00:00,9.480682369725894
2021-04-09 12:00:00,12.885505001728003
2021-04-10 12:00:00,10.809754789641984
2021-04-11 12:00:00,10.939831830770114
2021-04-12 12:00:00,11.764935436344906
2021-04-13 12:00:00,10.844280417784878
2021-04-14 12:00:00,12.209195401876064
2021-04-15 12:00:00,11.010791798647777
2021-04-16 12:00:00,10.60400236422003
2021-04-17 12:00:00,11.839454070885308
2021-04-18 12:00:00,12.504513924180198
2021-04-19 12:00:00,12.299290904991725
2021-04-20 12:00:00,16.082368241037777
2021-04-21 12:00:00,16.97686423976304
2021-04-22 12:00:00,13.403106933304525
2021-04-23 12:00:00,16.31469636949266
2021-04-24 12:00:00,15.323865540008832
2021-04-25 12:00:00,15.94335138830691
2021-04-26 12:00:00,14.792805304958055
2021-04-27 12:00:00,14.869227989713426
2021-04-28 12:00:00,10.405837638698273
2021-04-29 12:00:00,12.34224272907119
2021-04-30 12:00:00,13.777771859282002
2021-05-01 12:00:00,13.203256987470875
2021-05-02 12:00:00,14.306057567543004
2021-05-03 12:00:00,11.557537021994253
2021-05-04 12:00:00,11.528496208049457
2021-05-05 12:00:00,10.998133498726165
2021-05-06 12:00:00,12.375384222405394
2021-05-07 12:00:00,12.553836225464645
2021-05-08 12:00:00,12.252233870843348
2021-05-09 12:00:00,13.089180706646452
2021-05-10 12:00:00,13.418764692517376
2021-05-11 12:00:00,11.968694336731273
2021-05-12 12:00:00,10.5052689944217
2021-05-13 12:00:00,13.36525163835379
2021-05-14 12:00:00,14.606834983012229
2021-05-15 12:00:00,14.062260055032302
2021-05-16 12:00:00,12.263987409711147
2021-05-17 12:00:00,12.73468626304225
2021-05-18 12:00:00,14.785017733396085
2021-05-19 12:00:00,14.7535647811265
2021-05-20 12:00:00,12.914365367993879
2021-05-21 12:00:00,10.179160569544365
2021-05-22 12:00:00,12.161630022779844
2021-05-23 12:00:00,10.210933229027038
2021-05-24 12:00:00,11.364993437417054
2021-05-25 12:00:00,11.935612920619127
2021-05-26 12:00:00,15.89204849415074
2021-05-27 12:00:00,15.468955880673963
2021-05-28 12:00:00,18.314042336897902
2021-05-29 12:00:00,20.436265032749233
2021-05-30 12:00:00,20.044803353358557
2021-05-31 12:00:00,20.352738697336424
2021-06-01 12:00:00,22.483531803505336
2021-06-02 12:00:00,20.764638247293625
2021-06-03 12:00:00,16.830968158971054
2021-06-04 12:00:00,16.954447665688978
2021-06-05 12:00:00,16.031311856149337
2021-06-06 12:00:00,18.374413081500986
2021-06-07 12:00:00,18.431273654200798
2021-06-08 12:00:00,17.86037929729496
2021-06-09 12:00:00,17.066905951110872
2021-06-10 12:00:00,17.88446540688966
2021-06-11 12:00:00,18.635292256252654
2021-06-12 12:00:00,20.477738267267792
2021-06-13 12:00:00,22.956654620237767
2021-06-14 12:00:00,20.480416051182015
2021-06-15 12:00:00,20.74404238053785
2021-06-16 12:00:00,21.171667750015505
2021-06-17 12:00:00,17.91933147930291
2021-06-18 12:00:00,19.515207974244767
2021-06-19 12:00:00,16.543042327725516
2021-06-20 12:00:00,18.489821299942616
2021-06-21 12:00:00,15.12758843205518
2021-06-22 12:00:00,18.219430848030573
2021-06-23 12:00:00,19.107955361712502
2021-06-24 12:00:00,21.52099592730981
2021-06-25 12:00:00,17.203320734731435
2021-06-26 12:00:00,16.80976142891261
2021-06-27 12:00:00,16.735395216947197
2021-06-28 12:00:00,20.13917371855522
2021-06-29 12:00:00,20.146780283393767
2021-06-30 12:00:00,22.760766458553302
2021-07-01 12:00:00,17.557585937158585
2021-07-02 12:00:00,19.202083613517225
2021-07-03 12:00:00,18.27387614410913
2021-07-04 12:00:00,18.01754210277093
2021-07-05 12:00:00,15.517650005645173
2021-07-06 12:00:00,17.28940419572072
2021-07-07 12:00:00,18.274147478984045
2021-07-08 12:00:00,20.12530895861819
2021-07-09 12:00:00,16.727737058513178
2021-07-10 12:00:00,18.05477117031011
2021-07-11 12:00:00,15.64079946680393
2021-07-12 12:00:00,19.36952100692499
2021-07-13 12:00:00,22.065566115030677
2021-07-14 12:00:00,21.87732227979128
2021-07-15 12:00:00,22.636304189836245
2021-07-16 12:00:00,25.753025307903755
2021-07-17 12:00:00,26.48913317520106
2021-07-18 12:00:00,26.144469451321854
2021-07-19 12:00:00,26.447768308931373
2021-07-20 12:00:00,27.23549807128198
2021-07-21 12:00:00,28.699305221525265
2021-07-22 12:00:00,27.604651672055525
2021-07-23 12:00:00,22.549824861118402
2021-07-24 12:00:00,21.585844825899976
2021-07-25 12:00:00,22.161568072312523
2021-07-26 12:00:00,23.232319088370176
2021-07-27 12:00:00,19.17775279696057
2021-07-28 12:00:00,18.261086722991735
2021-07-29 12:00:00,17.501711140779058
2021-07-30 12:00:00,16.767766877490686
2021-07-31 12:00:00,18.202426731024076
2021-08-01 12:00:00,20.604571263913357
2021-08-02 12:00:00,17.375039806067708
2021-08-03 12:00:00,17.18355918817242
2021-08-04 12:00:00,21.329594415517406
2021-08-05 12:00:00,18.56882784986227
2021-08-06 12:00:00,17.973350857506322
2021-08-07 12:00:00,15.873438143372512
2021-08-08 12:00:00,18.296108497159423
2021-08-09 12:00:00,18.648377993934666
2021-08-10 12:00:00,20.16339023282265
2021-08-11 12:00:00,17.579505384400818
2021-08-12 12:00:00,19.672633500520142
2021-08-13 12:00:00,20.474699686078758
2021-08-14 12:00:00,20.605972141696284
2021-08-15 12:00:00,17.430758465456226
2021-08-16 12:00:00,16.66801248334291
2021-08-17 12:00:00,16.568348768324945
2021-08-18 12:00:00,17.70268471256174
2021-08-19 12:00:00,19.013809905383606
2021-08-20 12:00:00,18.595086852031173
2021-08-21 12:00:00,19.548484189099273
2021-08-22 12:00:00,20.296651114072628
2021-08-23 12:00:00,21.283920374598484
2021-08-24 12:00:00,21.189891932546676
2021-08-25 12:00:00,20.961238594741467
2021-08-26 12:00:00,23.379075092886136
2021-08-27 12:00:00,20.935576175513305
2021-08-28 12:00:00,19.929137308420987
2021-08-29 12:00:00,22.20347366230395
2021-08-30 12:00:00,17.948003544350705
2021-08-31 12:00:00,17.249371151232623
2021-09-01 12:00:00,16.944082800060915
2021-09-02 12:00:00,18.895867870937458
2021-09-03 12:00:00,20.977420162717422
2021-09-04 12:00:00,21.48888186995359
2021-09-05 12:00:00,21.4934888278038
2021-09-06 12:00:00,26.154709993656958
2021-09-07 12:00:00,27.225083380216255
2021-09-08 12:00:00,19.497637288182762
2021-09-09 12:00:00,20.135520225037883
2021-09-10 12:00:00,16.474513617572406
2021-09-11 12:00:00,18.937945093050764
2021-09-12 12:00:00,17.341833153934903
2021-09-13 12:00:00,18.619713007818525
2021-09-14 12:00:00,22.90030876240975
2021-09-15 12:00:00,21.078483148937664
2021-09-16 12:00:00,20.066355194075598
2021-09-17 12:00:00,17.310893011554466
2021-09-18 12:00:00,16.721844082583168
2021-09-19 12:00:00,17.764900689165415
2021-09-20 12:00:00,19.500600886650407
2021-09-21 12:00:00,20.528208220700076
2021-09-22 12:00:00,19.658268142550334
2021-09-23 12:00:00,17.557570814476982
2021-09-24 12:00:00,18.03559255154561
2021-09-25 12:00:00,16.802086794442932
2021-09-26 12:00:00,18.350845683927357
2021-09-27 12:00:00,16.085506909068023
2021-09-28 12:00:00,13.944332768661901
2021-09-29 12:00:00,15.025426982142884
2021-09-30 12:00:00,15.428133761466203
2021-10-01 12:00:00,16.54858073916546
2021-10-02 12:00:00,13.751622355909783
2021-10-03 12:00:00,14.899210493474543
2021-10-04 12:00:00,14.037808003569387
2021-10-05 12:00:00,13.40559888938721
2021-10-06 12:00:00,15.136900278039569
2021-10-07 12:00:00,17.493838575613392
2021-10-08 12:00:00,16.788669275873442
2021-10-09 12:00:00,17.541590491466607
2021-10-10 12:00:00,19.009252529516765
2021-10-11 12:00:00,16.66927327818157
2021-10-12 12:00:00,15.86334944422392
2021-10-13 12:00:00,17.352521841286187
2021-10-14 12:00:00,15.693164371694056
2021-10-15 12:00:00,18.45264559250532
2021-10-16 12:00:00,15.066956943744394
2021-10-17 12:00:00,16.10881235311723
2021-10-18 12:00:00,16.961167358029286
2021-10-19 12:00:00,16.111065437989694
2021-10-20 12:00:00,15.617173366294235
2021-10-21 12:00:00,13.228968661582728
2021-10-22 12:00:00,10.973434227384871
2021-10-23 12:00:00,11.960880227796594
2021-10-24 12:00:00,16.108801066475422
2021-10-25 12:00:00,14.59222182293718
2021-10-26 12:00:00,14.57180497808209
2021-10-27 12:00:00,14.120267010581305
2021-10-28 12:00:00,14.160103901961412
2021-10-29 12:00:00,13.766433190956523
2021-10-30 12:00:00,12.893126515838144
2021-10-31 12:00:00,12.654778718990496
2021-11-01 12:00:00,11.443819318665863
2021-11-02 12:00:00,12.912700382688655
2021-11-03 12:00:00,12.168377090625334
2021-11-04 12:00:00,11.669225006818166
2021-11-05 12:00:00,12.73231732056273
2021-11-06 12:00:00,12.453203159172881
2021-11-07 12:00:00,13.78253864923708
2021-11-08 12:00:00,12.566432809016852
2021-11-09 12:00:00,13.017004933953988
2021-11-10 12:00:00,13.955213237551444
2021-11-11 12:00:00,12.447915553946789
2021-11-12 12:00:00,12.08839626597273
2021-11-13 12:00:00,11.956502500461049
2021-11-14 12:00:00,12.13774249303627
2021-11-15 12:00:00,12.608982452137493
2021-11-16 12:00:00,12.247162394232884
2021-11-17 12:00:00,12.900925171414656
2021-11-18 12:00:00,11.680163216702557
2021-11-19 12:00:00,10.953050305244597
2021-11-20 12:00:00,10.524838190045717
2021-11-21 12:00:00,9.759208527440702
2021-11-22 12:00:00,8.330500063660292
2021-11-23 12:00:00,10.413880100069166
2021-11-24 12:00:00,9.33720698898808
2021-11-25 12:00:00,9.403087270561741
2021-11-26 12:00:00,9.888075265965913
2021-11-27 12:00:00,6.098383283066517
2021-11-28 12:00:00,7.988779539490428
2021-11-29 12:00:00,9.325638543832019
2021-11-30 12:00:00,10.924184845869092
2021-12-01 12:00:00,9.086025763881121
2021-12-02 12:00:00,10.910704660981773
2021-12-03 12:00:00,10.708806329789288
2021-12-04 12:00:00,8.365556503762202
2021-12-05 12:00:00,8.801478722087195
2021-12-06 12:00:00,10.32783235099538
2021-12-07 12:00:00,9.58379326586564
2021-12-08 12:00:00,7.394504323561357
2021-12-09 12:00:00,10.863899302488882
2021-12-10 12:00:00,8.245049499922496
2021-12-11 12:00:00,11.555146259424815
2021-12-12 12:00:00,11.909752758381844
2021-12-13 12:00:00,11.184991557699464
2021-12-14 12:00:00,12.595670224275597
2021-12-15 12:00:00,11.048145908791511
2021-12-16 12:00:00,10.637202115554793
2021-12-17 12:00:00,9.382314251868824
2021-12-18 12:00:00,9.83598059217239
2021-12-19 12:00:00,8.106836524626532
2021-12-20 12:00:00,7.143654029967424
2021-12-21 12:00:00,6.3162478099146835
2021-12-22 12:00:00,10.935796004479954
2021-12-23 12:00:00,11.559601422075284
2021-12-24 12:00:00,10.852879569986067
2021-12-25 12:00:00,11.124123272310612
2021-12-26 12:00:00,11.271177011016603
2021-12-27 12:00:00,11.453400401899518
2021-12-28 12:00:00,13.591941424324189
2021-12-29 12:00:00,13.529904786500868
2021-12-30 12:00:00,13.052565620658147
2021-12-31 12:00:00,13.528595554150698
2022-01-01 12:00:00,13.294478797547992
2022-01-02 12:00:00,11.07443691838381
2022-01-03 12:00:00,10.19298025713109
2022-01-04 12:00:00,5.888716572277906
2022-01-05 12:00:00,8.24648718600612
2022-01-06 12:00:00,8.46693969047118
2022-01-07 12:00:00,9.497097774625399
2022-01-08 12:00:00,10.128863055374508
2022-01-09 12:00:00,10.553004808320479
2022-01-10 12:00:00,11.002584733072688
2022-01-11 12:00:00,11.35468182476572
2022-01-12 12:00:00,10.418465736610798
2022-01-13 12:00:00,9.496148978304575
2022-01-14 12:00:00,9.572571261602418
2022-01-15 12:00:00,9.73867615156514
2022-01-16 12:00:00,10.38297553544035
2022-01-17 12:00:00,8.744188602509228
2022-01-18 12:00:00,7.493749122941802
2022-01-19 12:00:00,9.971456868211177
2022-01-20 12:00:00,9.205719018926771
2022-01-21 12:00:00,8.08366494754091
2022-01-22 12:00:00,6.851310214556134
2022-01-23 12:00:00,5.291031565415212
2022-01-24 12:00:00,5.9650143132143825
2022-01-25 12:00:00,6.437758923020754
2022-01-26 12:00:00,9.087180368220151
2022-01-27 12:00:00,10.593172533080601
2022-01-28 12:00:00,9.835110156536278
2022-01-29 12:00:00,9.899202160481678
2022-01-30 12:00:00,8.8794296479289
2022-01-31 12:00:00,8.495901945770502
2022-02-01 12:00:00,9.87291476770591
2022-02-02 12:00:00,11.963483244917198
2022-02-03 12:00:00,10.237634333703124
2022-02-04 12:00:00,8.35187433187372
2022-02-05 12:00:00,10.075553055351728
2022-02-06 12:00:00,10.45556367575942
2022-02-07 12:00:00,11.198999812638865
2022-02-08 12:00:00,10.793647550941508
2022-02-09 12:00:00,11.708616457747997
2022-02-10 12:00:00,8.683927296224288
2022-02-11 12:00:00,7.816080469959198
2022-02-12 12:00:00,9.259630741410593
2022-02-13 12:00:00,10.789937679046917
2022-02-14 12:00:00,8.810168416451154
2022-02-15 12:00:00,11.222317895007535
2022-02-16 12:00:00,11.923650598439146
2022-02-17 12:00:00,11.114326708919473
2022-02-18 12:00:00,8.55548683713605
2022-02-19 12:00:00,10.420582558758031
2022-02-20 12:00:00,11.154330843443297
2022-02-21 12:00:00,10.250736561191097
2022-02-22 12:00:00,11.000679871968577
2022-02-23 12:00:00,9.72953476168666
2022-02-24 12:00:00,7.39468400942491
2022-02-25 12:00:00,11.350143743264237
2022-02-26 12:00:00,9.725283163940487
2022-02-27 12:00:00,10.988238958366978
2022-02-28 12:00:00,10.301529682714053
2022-03-01 12:00:00,9.205890077097408
2022-03-02 12:00:00,10.529800784512359
2022-03-03 12:00:00,8.702045721015907
2022-03-04 12:00:00,9.446589973714566
2022-03-05 12:00:00,10.335550223636723
2022-03-06 12:00:00,6.927687126215885
2022-03-07 12:00:00,7.342533610594518
2022-03-08 12:00:00,10.36173826612733
2022-03-09 12:00:00,9.569436924444133
2022-03-10 12:00:00,10.186460204863277
2022-03-11 12:00:00,11.673801277474102
2022-03-12 12:00:00,9.296395169610879
2022-03-13 12:00:00,11.610324949917164
2022-03-14 12:00:00,12.906734576980343
2022-03-15 12:00:00,13.389186129562724
2022-03-16 12:00:00,10.427002127698598
2022-03-17 12:00:00,13.198273814972886
2022-03-18 12:00:00,14.751214645580191
2022-03-19 12:00:00,11.661769379931195
2022-03-20 12:00:00,12.215626714941092
2022-03-21 12:00:00,15.221366597942179
2022-03-22 12:00:00,12.700037829871333
2022-03-23 12:00:00,17.492816271284923
2022-03-24 12:00:00,17.28777902543554
2022-03-25 12:00:00,17.264004613743516
2022-03-26 12:00:00,15.805153059976877
2022-03-27 12:00:00,16.916857807392493
2022-03-28 12:00:00,16.16311649733117
2022-03-29 12:00:00,14.198105378774803
2022-03-30 12:00:00,12.387960718122491
2022-03-31 12:00:00,9.092145343142228
2022-04-01 12:00:00,9.002968188989987
2022-04-02 12:00:00,8.412862956501032
2022-04-03 12:00:00,10.519245538921183
2022-04-04 12:00:00,10.178417238886137
2022-04-05 12:00:00,12.522289998791534
2022-04-06 12:00:00,12.523475148999811
2022-04-07 12:00:00,11.615460905550039
2022-04-08 12:00:00,10.625233071570072
2022-04-09 12:00:00,10.71810356209261
2022-04-10 12:00:00,10.62167085744125
2022-04-11 12:00:00,12.167954696430847
2022-04-12 12:00:00,14.36995722966615
2022-04-13 12:00:00,13.498186765676106
2022-04-14 12:00:00,15.390903035030531
2022-04-15 12:00:00,13.510419095567672
2022-04-16 12:00:00,17.469696634487033
2022-04-17 12:00:00,15.287159297071424
2022-04-18 12:00:00,13.534918438931465
2022-04-19 12:00:00,13.084297476876898
2022-04-20 12:00:00,16.728055832853684
2022-04-21 12:00:00,17.466427516212722
2022-04-22 12:00:00,14.670152266997084
2022-04-23 12:00:00,15.086128763352326
2022-04-24 12:00:00,16.01900154126239
2022-04-25 12:00:00,14.37231816556869
2022-04-26 12:00:00,14.721939493760198
2022-04-27 12:00:00,12.884119105869704
2022-04-28 12:00:00,16.017156414040343
2022-04-29 12:00:00,16.34576155166901
2022-04-30 12:00:00,12.728887877868242
2022-05-01 12:00:00,11.141896469967913
2022-05-02 12:00:00,14.943057960787016
2022-05-03 12:00:00,16.790643965569124
2022-05-04 12:00:00,15.585718592052096
2022-05-05 12:00:00,16.680818271548773
2022-05-06 12:00:00,16.552097724696928
2022-05-07 12:00:00,18.684041936843137
2022-05-08 12:00:00,15.956015817505088
2022-05-09 12:00:00,17.842956368430627
2022-05-10 12:00:00,16.364602493423398
2022-05-11 12:00:00,15.181410430919588
2022-05-12 12:00:00,15.029102113951094
2022-05-13 12:00:00,16.419946283759284
2022-05-14 12:00:00,17.728594681386276
2022-05-15 12:00:00,18.399943927273767
2022-05-16 12:00:00,17.928797476207883
2022-05-17 12:00:00,17.721340442415173
2022-05-18 12:00:00,15.554261089896688
2022-05-19 12:00:00,17.199730963684495
2022-05-20 12:00:00,16.318298378724286
2022-05-21 12:00:00,16.826703839274213
2022-05-22 12:00:00,18.603188958403745
2022-05-23 12:00:00,13.44156182032277
2022-05-24 12:00:00,16.106349584048544
2022-05-25 12:00:00,14.844472488566531
2022-05-26 12:00:00,16.087427581718774
2022-05-27 12:00:00,16.41833457449778
2022-05-28 12:00:00,18.54717908939095
2022-05-29 12:00:00,16.699691709035328
2022-05-30 12:00:00,15.846375555045567
2022-05-31 12:00:00,16.56208700686157
2022-06-01 12:00:00,17.759962271834333
2022-06-02 12:00:00,19.140017062210294
2022-06-03 12:00:00,22.01696755257391
2022-06-04 12:00:00,16.913793712825083
2022-06-05 12:00:00,17.227113250320585
2022-06-06 12:00:00,17.953344678939473
2022-06-07 12:00:00,17.895590208520375
2022-06-08 12:00:00,16.899802982530517
2022-06-09 12:00:00,16.682993977212202
2022-06-10 12:00:00,17.81987522887866
2022-06-11 12:00:00,18.277484927476
2022-06-12 12:00:00,18.611398663896036
2022-06-13 12:00:00,17.25892468420474
2022-06-14 12:00:00,19.547553374485137
2022-06-15 12:00:00,20.02398372874249
2022-06-16 12:00:00,21.609482111989706
2022-06-17 12:00:00,25.21923844362554
2022-06-18 12:00:00,18.44981324527385
2022-06-19 12:00:00,15.54709317939384
2022-06-20 12:00:00,20.222421870702544
2022-06-21 12:00:00,21.937064441089404
2022-06-22 12:00:00,24.276827073953942
2022-06-23 12:00:00,23.875658137359427
2022-06-24 12:00:00,16.784273960780677
2022-06-25 12:00:00,16.63494181293146
2022-06-26 12:00:00,17.26867221808365
2022-06-27 12:00:00,16.78622288597323
2022-06-28 12:00:00,15.103969183883658
2022-06-29 12:00:00,16.67128119589565
2022-06-30 12:00:00,17.35402021251132
2022-07-01 12:00:00,18.029739339080074
2022-07-02 12:00:00,16.827614266289196
2022-07-03 12:00:00,17.838511909918765
2022-07-04 12:00:00,17.800520980335556
2022-07-05 12:00:00,18.6326822562707
2022-07-06 12:00:00,20.04341004142509
2022-07-07 12:00:00,20.619337290749908
2022-07-08 12:00:00,24.972751313185853
2022-07-09 12:00:00,23.779659452181946
2022-07-10 12:00:00,24.662073654024454
2022-07-11 12:00:00,25.356370773689704
2022-07-12 12:00:00,26.61258482074407
2022-07-13 12:00:00,23.04077334321752
2022-07-14 12:00:00,20.360991781179415
2022-07-15 12:00:00,23.22319534687643
2022-07-16 12:00:00,23.67994057231309
2022-07-17 12:00:00,26.75429145154645
2022-07-18 12:00:00,31.553303995717407
2022-07-19 12:00:00,27.04358811534452
2022-07-20 12:00:00,18.698310800526748
2022-07-21 12:00:00,21.13579376635757
2022-07-22 12:00:00,20.931327199124087
2022-07-23 12:00:00,18.792008557294402
2022-07-24 12:00:00,18.655546620784314
2022-07-25 12:00:00,18.713430916543643
2022-07-26 12:00:00,21.350848554541333
2022-07-27 12:00:00,18.279895403846123
2022-07-28 12:00:00,22.579135802799772
2022-07-29 12:00:00,23.221797639436016
2022-07-30 12:00:00,19.372604189624663
2022-07-31 12:00:00,19.912472811896862
2022-08-01 12:00:00,22.891336057996305
2022-08-02 12:00:00,21.671787357707046
2022-08-03 12:00:00,22.27156183755224
2022-08-04 12:00:00,19.71930802474878
2022-08-05 12:00:00,20.21230590246162
2022-08-06 12:00:00,21.918301473075225
2022-08-07 12:00:00,24.410780766587155
2022-08-08 12:00:00,26.440159228247133
2022-08-09 12:00:00,28.0655962320748
2022-08-10 12:00:00,28.55491531278044
2022-08-11 12:00:00,31.835848144394834
2022-08-12 12:00:00,31.520253280902132
2022-08-13 12:00:00,31.336051728124705
2022-08-14 12:00:00,31.43141859631316
2022-08-15 12:00:00,24.26264015477286
2022-08-16 12:00:00,20.76684150376767
2022-08-17 12:00:00,23.389641215535228
2022-08-18 12:00:00,19.088344832523525
2022-08-19 12:00:00,20.463192266121176
2022-08-20 12:00:00,20.20361124953952
2022-08-21 12:00:00,21.32856051434858
2022-08-22 12:00:00,19.507865693273516
2022-08-23 12:00:00,23.078738734185425
2022-08-24 12:00:00,20.041854090844033
2022-08-25 12:00:00,21.160025885073914
2022-08-26 12:00:00,20.34443654398018
2022-08-27 12:00:00,22.709353005074785
2022-08-28 12:00:00,21.56216064019272
2022-08-29 12:00:00,22.913728787381306
2022-08-30 12:00:00,22.48409220406738
2022-08-31 12:00:00,22.969466492175247
2022-09-01 12:00:00,21.03344266908214
2022-09-02 12:00:00,22.672993197701867
2022-09-03 12:00:00,16.97910125402751
2022-09-04 12:00:00,18.38702336417923
2022-09-05 12:00:00,20.203962474567106
2022-09-06 12:00:00,17.499357053017373
2022-09-07 12:00:00,17.79184607448589
2022-09-08 12:00:00,17.240479226062533
2022-09-09 12:00:00,17.29410566882729
2022-09-10 12:00:00,20.801445043621065
2022-09-11 12:00:00,20.44559631527284
2022-09-12 12:00:00,21.969040836303485
2022-09-13 12:00:00,19.09592539528292
2022-09-14 12:00:00,21.38005777128174
2022-09-15 12:00:00,17.988720108591068
2022-09-16 12:00:00,17.41818947373769
2022-09-17 12:00:00,17.634350593903022
2022-09-18 12:00:00,17.70632443173023
2022-09-19 12:00:00,19.633678259450544
2022-09-20 12:00:00,18.31797516024838
2022-09-21 12:00:00,18.31511214002657
2022-09-22 12:00:00,17.97716949574806
2022-09-23 12:00:00,18.876977195264235
2022-09-24 12:00:00,17.0792855840468
2022-09-25 12:00:00,17.219598989825315
2022-09-26 12:00:00,15.68841973366431
2022-09-27 12:00:00,14.066865297612738
2022-09-28 12:00:00,14.908225390306207
2022-09-29 12:00:00,16.910374459413966
2022-09-30 12:00:00,15.446255583939724
2022-10-01 12:00:00,17.681777460113196
2022-10-02 12:00:00,18.267606903294684
2022-10-03 12:00:00,16.94427796737518
2022-10-04 12:00:00,16.402731104556675
2022-10-05 12:00:00,15.32657981902506
2022-10-06 12:00:00,17.478339996088494
2022-10-07 12:00:00,17.346193404989922
2022-10-08 12:00:00,16.238580970024373
2022-10-09 12:00:00,15.019385922941083
2022-10-10 12:00:00,15.878115185965791
2022-10-11 12:00:00,15.6553851153913
2022-10-12 12:00:00,13.94685354581188
2022-10-13 12:00:00,16.301506137152696
2022-10-14 12:00:00,14.686401587531947
2022-10-15 12:00:00,14.511919184133026
2022-10-16 12:00:00,14.853478890745674
2022-10-17 12:00:00,17.221824669351268
2022-10-18 12:00:00,17.676650444687105
2022-10-19 12:00:00,16.952762928518617
2022-10-20 12:00:00,16.8676431387402
2022-10-21 12:00:00,14.698126855860721
2022-10-22 12:00:00,15.06803293650244
2022-10-23 12:00:00,15.594503744588744
2022-10-24 12:00:00,15.799908945713561
2022-10-25 12:00:00,14.79704274173587
2022-10-26 12:00:00,16.30900907844484
2022-10-27 12:00:00,15.83864194343627
2022-10-28 12:00:00,16.592033597095092
2022-10-29 12:00:00,15.97865448431172
2022-10-30 12:00:00,14.748773126991164
2022-10-31 12:00:00,14.65484172472001
2022-11-01 12:00:00,13.120884158646302
2022-11-02 12:00:00,13.226028206078947
2022-11-03 12:00:00,11.836820365302707
2022-11-04 12:00:00,13.052617958631878
2022-11-05 12:00:00,13.604023555553658
2022-11-06 12:00:00,12.686640907849807
2022-11-07 12:00:00,13.744930999820824
2022-11-08 12:00:00,12.709303553131962
2022-11-09 12:00:00,13.39505222361705
2022-11-10 12:00:00,13.573419661752581
2022-11-11 12:00:00,13.682959713932588
2022-11-12 12:00:00,14.131257949422508
2022-11-13 12:00:00,15.062693018199333
2022-11-14 12:00:00,12.548050498013733
2022-11-15 12:00:00,12.19194999805788
2022-11-16 12:00:00,9.396340955511244
2022-11-17 12:00:00,10.301420637803783
2022-11-18 12:00:00,11.51970647019017
2022-11-19 12:00:00,9.726092728077127
2022-11-20 12:00:00,11.31680122100857
2022-11-21 12:00:00,9.69696966925257
2022-11-22 12:00:00,11.047546108349827
2022-11-23 12:00:00,11.541819062871207
2022-11-24 12:00:00,11.382278869102272
2022-11-25 12:00:00,11.779346437878013
2022-11-26 12:00:00,13.211540061270421
2022-11-27 12:00:00,10.896736938801386
2022-11-28 12:00:00,10.657278069595051
2022-11-29 12:00:00,10.922896918047108
2022-11-30 12:00:00,11.09710673280914
2022-12-01 12:00:00,10.251606259023855
2022-12-02 12:00:00,8.93268114418632
2022-12-03 12:00:00,5.791507705551332
2022-12-04 12:00:00,4.7340638988473245
2022-12-05 12:00:00,5.98310243684559
2022-12-06 12:00:00,7.024479205543768
2022-12-07 12:00:00,5.867737615290191
2022-12-08 12:00:00,7.742395203837896
2022-12-09 12:00:00,5.162389064831316
2022-12-10 12:00:00,4.7432237504820645
2022-12-11 12:00:00,5.784488046861068
2022-12-12 12:00:00,2.7370057509274464
2022-12-13 12:00:00,4.0892683101137095
2022-12-14 12:00:00,0.5138791978181487
2022-12-15 12:00:00,2.1917558361531846
2022-12-16 12:00:00,5.271344610322711
2022-12-17 12:00:00,8.214803155049008
2022-12-18 12:00:00,12.57351745124944
2022-12-19 12:00:00,13.10567268192255
2022-12-20 12:00:00,10.18765704833084
2022-12-21 12:00:00,11.106273332674045
2022-12-22 12:00:00,12.172977678999546
2022-12-23 12:00:00,11.276601936319187
2022-12-24 12:00:00,11.10244604217951
2022-12-25 12:00:00,10.479436987862446
2022-12-26 12:00:00,8.191265747296024
2022-12-27 12:00:00,10.568491992685102
2022-12-28 12:00:00,11.38396323394928
2022-12-29 12:00:00,11.452163465179849
2022-12-30 12:00:00,12.356949451754216
2022-12-31 12:00:00,11.573861261760994
2023-01-01 12:00:00,10.307576152366476
2023-01-02 12:00:00,10.247310978927382
2023-01-03 12:00:00,12.000897964594005
2023-01-04 12:00:00,11.952205814105648
2023-01-05 12:00:00,12.073839171063895
2023-01-06 12:00:00,11.24208226945166
2023-01-07 12:00:00,10.369653211874757
2023-01-08 12:00:00,7.998193370576224
2023-01-09 12:00:00,11.974703240384162
2023-01-10 12:00:00,12.632773997565497
2023-01-11 12:00:00,10.577420448301552
2023-01-12 12:00:00,10.91593920812764
2023-01-13 12:00:00,11.745991744477166
2023-01-14 12:00:00,9.349715723665144
2023-01-15 12:00:00,7.393814674916348
2023-01-16 12:00:00,7.173235918157062
2023-01-17 12:00:00,5.194647735616219
2023-01-18 12:00:00,5.694922597722027
2023-01-19 12:00:00,8.700048384089493
2023-01-20 12:00:00,7.733729143460978
2023-01-21 12:00:00,6.279457667921646
2023-01-22 12:00:00,6.905640042461288
2023-01-23 12:00:00,7.788174033904801
2023-01-24 12:00:00,8.329642124636809
2023-01-25 12:00:00,8.429501715425404
2023-01-26 12:00:00,8.339284066780634
2023-01-27 12:00:00,5.925860334963369
2023-01-28 12:00:00,6.013618567322927
2023-01-29 12:00:00,8.99426901490549
2023-01-30 12:00:00,9.72338082913539
2023-01-31 12:00:00,9.014776301295456
2023-02-01 12:00:00,9.057674493415767
2023-02-02 12:00:00,9.865467648431746
2023-02-03 12:00:00,9.850822787398961
2023-02-04 12:00:00,8.962281509291298
2023-02-05 12:00:00,9.146184607565155
2023-02-06 12:00:00,8.849152165686125
2023-02-07 12:00:00,12.363746127351014
2023-02-08 12:00:00,8.39612312313739
2023-02-09 12:00:00,10.245132426806908
2023-02-10 12:00:00,9.646572979611022
2023-02-11 12:00:00,10.403113459935057
2023-02-12 12:00:00,8.93411512749975
2023-02-13 12:00:00,8.92359751138223
2023-02-14 12:00:00,12.350229183948736
2023-02-15 12:00:00,10.653089738035739
2023-02-16 12:00:00,10.462293683784711
2023-02-17 12:00:00,10.812098117085352
2023-02-18 12:00:00,10.65821685464164
2023-02-19 12:00:00,10.854368956654142
2023-02-20 12:00:00,9.170327124392212
2023-02-21 12:00:00,7.730820241260291
2023-02-22 12:00:00,8.090969593781224
2023-02-23 12:00:00,8.10944084454042
2023-02-24 12:00:00,8.792894125157451
2023-02-25 12:00:00,7.0891912491922096
2023-02-26 12:00:00,7.667760560974006
2023-02-27 12:00:00,8.34212299974563
2023-02-28 12:00:00,9.073856758003725
2023-03-01 12:00:00,5.986194819963282
2023-03-02 12:00:00,10.035033735141871
2023-03-03 12:00:00,7.916356263550799
2023-03-04 12:00:00,5.170292977185336
2023-03-05 12:00:00,5.739954861483315
2023-03-06 12:00:00,7.147390019049021
2023-03-07 12:00:00,7.755282772845287
2023-03-08 12:00:00,11.483414459086996
2023-03-09 12:00:00,12.180714393340537
2023-03-10 12:00:00,5.588056850549879
2023-03-11 12:00:00,10.413661872840187
2023-03-12 12:00:00,11.803169367128442
2023-03-13 12:00:00,11.725912710027918
2023-03-14 12:00:00,9.177786103096619
2023-03-15 12:00:00,9.411693734467038
2023-03-16 12:00:00,10.454632673141775
2023-03-17 12:00:00,11.29528688186682
2023-03-18 12:00:00,13.144229999196266
2023-03-19 12:00:00,10.171704060460637
2023-03-20 12:00:00,10.192345981830673
2023-03-21 12:00:00,12.53043915473529
2023-03-22 12:00:00,11.831230451791061
2023-03-23 12:00:00,11.537648118221114
2023-03-24 12:00:00,12.271006428914244
2023-03-25 12:00:00,11.212676394865037
2023-03-26 12:00:00,12.131462432509316
2023-03-27 12:00:00,13.461150412888333
2023-03-28 12:00:00,12.3223550065962
2023-03-29 12:00:00,11.541704522710106
2023-03-30 12:00:00,13.328306879855678
2023-03-31 12:00:00,10.198821455969362
2023-04-01 12:00:00,10.104461933199872
2023-04-02 12:00:00,11.576099976315328
2023-04-03 12:00:00,10.530302593139357
2023-04-04 12:00:00,11.530060964907573
2023-04-05 12:00:00,10.063633714712905
2023-04-06 12:00:00,12.610076162412264
2023-04-07 12:00:00,12.532614266939083
2023-04-08 12:00:00,12.759594517876845
2023-04-09 12:00:00,13.004961294864351
2023-04-10 12:00:00,13.057819533415739
2023-04-11 12:00:00,10.323262990685125
2023-04-12 12:00:00,8.682470215243109
2023-04-13 12:00:00,10.738169198168364
2023-04-14 12:00:00,13.079236504253334
2023-04-15 12:00:00,14.259086529662113
2023-04-16 12:00:00,12.593737204124823
2023-04-17 12:00:00,15.838252046170412
2023-04-18 12:00:00,15.269342480173929
2023-04-19 12:00:00,14.584514041755627
2023-04-20 12:00:00,14.280710951724718
2023-04-21 12:00:00,11.58128716215008
2023-04-22 12:00:00,9.627564025067723
2023-04-23 12:00:00,10.977198054944083
2023-04-24 12:00:00,12.083017507654219
2023-04-25 12:00:00,10.536285731554003
2023-04-26 12:00:00,13.704990207159426
2023-04-27 12:00:00,13.054015688424695
2023-04-28 12:00:00,15.134778802042723
2023-04-29 12:00:00,15.948006485438809
2023-04-30 12:00:00,15.376883572179818
2023-05-01 12:00:00,16.430817325656143
2023-05-02 12:00:00,16.669868894193264
2023-05-03 12:00:00,15.362254141700891
2023-05-04 12:00:00,13.424598774568352
2023-05-05 12:00:00,14.194367294556365
2023-05-06 12:00:00,16.397536977582554
2023-05-07 12:00:00,15.8392406222722
2023-05-08 12:00:00,13.772002315290521
2023-05-09 12:00:00,13.812258382315695
2023-05-10 12:00:00,14.25521162991681
2023-05-11 12:00:00,15.444004382465405
2023-05-12 12:00:00,18.859157301085652
2023-05-13 12:00:00,20.41963782609046
2023-05-14 12:00:00,17.828773287656094
2023-05-15 12:00:00,14.273673053884835
2023-05-16 12:00:00,16.910399302131047
2023-05-17 12:00:00,19.438180443924935
2023-05-18 12:00:00,17.455602370484375
2023-05-19 12:00:00,17.585328996521557
2023-05-20 12:00:00,19.34055145754959
2023-05-21 12:00:00,19.57302553412795
2023-05-22 12:00:00,19.317451234550234
2023-05-23 12:00:00,18.629185995717293
2023-05-24 12:00:00,18.602069966478773
2023-05-25 12:00:00,21.144411138643534
2023-05-26 12:00:00,19.690606563895305
2023-05-27 12:00:00,20.790254097633703
2023-05-28 12:00:00,21.99026033795975
2023-05-29 12:00:00,18.94071409055517
2023-05-30 12:00:00,20.011089335296617
2023-05-31 12:00:00,19.24180911417204
2023-06-01 12:00:00,20.70630611388632
2023-06-02 12:00:00,18.13682742863291
2023-06-03 12:00:00,20.318430106832402
2023-06-04 12:00:00,22.50166392382898
2023-06-05 12:00:00,21.271962770870804
2023-06-06 12:00:00,19.43648336689718
2023-06-07 12:00:00,23.19081506278757
2023-06-08 12:00:00,22.288218838207698
2023-06-09 12:00:00,25.07633743580935
2023-06-10 12:00:00,20.57923410785755
2023-06-11 12:00:00,22.161605205522967
2023-06-12 12:00:00,22.383408702466724
2023-06-13 12:00:00,25.358237386599292
2023-06-14 12:00:00,26.482048860658885
2023-06-15 12:00:00,24.455373132633003
2023-06-16 12:00:00,23.855841191584936
2023-06-17 12:00:00,21.599876892643973
2023-06-18 12:00:00,19.137637236882213
2023-06-19 12:00:00,21.280227957138283
2023-06-20 12:00:00,20.793737548214352
2023-06-21 12:00:00,20.829619207563084
2023-06-22 12:00:00,23.39928692831099
2023-06-23 12:00:00,21.539146458010954
2023-06-24 12:00:00,23.155690133451454
2023-06-25 12:00:00,22.26017484548223
2023-06-26 12:00:00,19.623459891153534
2023-06-27 12:00:00,21.086250530291203
2023-06-28 12:00:00,20.105802989428874
2023-06-29 12:00:00,19.213162831779318
2023-06-30 12:00:00,16.969364060285677
2023-07-01 12:00:00,18.89155396005147
2023-07-02 12:00:00,18.26558720573321
2023-07-03 12:00:00,17.80896449451558
2023-07-04 12:00:00,15.450540506784114
2023-07-05 12:00:00,17.620332076376812
2023-07-06 12:00:00,18.890759697472586
2023-07-07 12:00:00,22.164598917732455
2023-07-08 12:00:00,20.858714387815954
2023-07-09 12:00:00,20.388569771936698
2023-07-10 12:00:00,18.847025291666263
2023-07-11 12:00:00,19.14237648630228
2023-07-12 12:00:00,18.303690336746268
2023-07-13 12:00:00,18.98774885107579
2023-07-14 12:00:00,18.627886065924457
2023-07-15 12:00:00,16.745115543575494
2023-07-16 12:00:00,17.32864154469036
2023-07-17 12:00:00,18.883945252919993
2023-07-18 12:00:00,18.992905507573983
2023-07-19 12:00:00,20.312329997626613
2023-07-20 12:00:00,20.001385913608487
2023-07-21 12:00:00,18.289797017420657
2023-07-22 12:00:00,15.999979881822608
2023-07-23 12:00:00,19.401528434654523
2023-07-24 12:00:00,18.230859644080795
2023-07-25 12:00:00,20.019738895889
2023-07-26 12:00:00,17.310534905277784
2023-07-27 12:00:00,18.433323463030746
2023-07-28 12:00:00,19.915742554349354
2023-07-29 12:00:00,18.795228359311498
2023-07-30 12:00:00,17.338716158297643
2023-07-31 12:00:00,17.07161598154146
2023-08-01 12:00:00,18.526651906691733
2023-08-02 12:00:00,16.936568246000157
2023-08-03 12:00:00,18.104049971197647
2023-08-04 12:00:00,17.995086836006166
2023-08-05 12:00:00,16.13189697802347
2023-08-06 12:00:00,19.190869611780364
2023-08-07 12:00:00,18.706638317881605
2023-08-08 12:00:00,17.273285293739175
2023-08-09 12:00:00,20.9405314566025
2023-08-10 12:00:00,21.12146696326488
2023-08-11 12:00:00,21.030895593755144
2023-08-12 12:00:00,19.199923113461868
2023-08-13 12:00:00,17.773877811850134
2023-08-14 12:00:00,18.214916394652434
2023-08-15 12:00:00,21.478078257394593
2023-08-16 12:00:00,22.79636912536623
2023-08-17 12:00:00,20.67274392019887
2023-08-18 12:00:00,20.903459420045664
2023-08-19 12:00:00,20.823391221930855
2023-08-20 12:00:00,21.486757662671597
2023-08-21 12:00:00,19.867107202950518
2023-08-22 12:00:00,21.471896580161538
2023-08-23 12:00:00,22.48694836146951
2023-08-24 12:00:00,19.952270435190723
2023-08-25 12:00:00,17.72086510033638
2023-08-26 12:00:00,17.676152176356545
2023-08-27 12:00:00,15.931386225136325
2023-08-28 12:00:00,17.779807548964712
2023-08-29 12:00:00,16.69818319823896
2023-08-30 12:00:00,16.854770686888877
2023-08-31 12:00:00,18.199290789621433
2023-09-01 12:00:00,20.026875182915298
2023-09-02 12:00:00,22.275947217877903
2023-09-03 12:00:00,24.778625742923474
2023-09-04 12:00:00,26.217121525538445
2023-09-05 12:00:00,25.88470853168362
2023-09-06 12:00:00,27.526395921520695
2023-09-07 12:00:00,27.5324263348028
2023-09-08 12:00:00,27.24173606336863
2023-09-09 12:00:00,27.272873726322537
2023-09-10 12:00:00,24.400955798379965
2023-09-11 12:00:00,20.929591390598386
2023-09-12 12:00:00,19.354673587762974
2023-09-13 12:00:00,19.403676971318994
2023-09-14 12:00:00,18.508093168129182
2023-09-15 12:00:00,21.095699773876387
2023-09-16 12:00:00,20.165087488459267
2023-09-17 12:00:00,18.077760799304365
2023-09-18 12:00:00,16.389151531851343
2023-09-19 12:00:00,17.426587440070023
2023-09-20 12:00:00,16.617544782351068
2023-09-21 12:00:00,16.49224242311498
2023-09-22 12:00:00,15.400166057125997
2023-09-23 12:00:00,16.90263625482753
2023-09-24 12:00:00,17.002264266599244
2023-09-25 12:00:00,18.90177035195023
2023-09-26 12:00:00,18.809628490028327
2023-09-27 12:00:00,16.84753166271656
2023-09-28 12:00:00,15.84834973508274
2023-09-29 12:00:00,17.232609883396886
2023-09-30 12:00:00,16.53478643868617
2023-10-01 12:00:00,17.748524761457226
2023-10-02 12:00:00,16.555817000107538
2023-10-03 12:00:00,16.203693085163774
2023-10-04 12:00:00,16.634920956943034
2023-10-05 12:00:00,17.16206465751162
2023-10-06 12:00:00,19.818926175325185
2023-10-07 12:00:00,21.097920614428602
2023-10-08 12:00:00,20.94862929731872
2023-10-09 12:00:00,23.293141088844205
2023-10-10 12:00:00,17.73594795107137
2023-10-11 12:00:00,17.447149709080136
2023-10-12 12:00:00,18.008115435898404
2023-10-13 12:00:00,16.935565912385616
2023-10-14 12:00:00,14.439445437749205
2023-10-15 12:00:00,12.051275745936069
2023-10-16 12:00:00,12.347577923043064
2023-10-17 12:00:00,14.751669398668053
2023-10-18 12:00:00,15.491418516566107
2023-10-19 12:00:00,15.839071592805109
2023-10-20 12:00:00,16.484351649139278
2023-10-21 12:00:00,13.690693705789986
2023-10-22 12:00:00,14.797361066468616
2023-10-23 12:00:00,15.218925890136855
2023-10-24 12:00:00,14.030617201466503
2023-10-25 12:00:00,14.075969627263335
2023-10-26 12:00:00,14.78611548913989
2023-10-27 12:00:00,14.198956929325538
2023-10-28 12:00:00,12.455574226742648
2023-10-29 12:00:00,12.779509977681064
2023-10-30 12:00:00,14.262819384343107
2023-10-31 12:00:00,13.463480810089354
2023-11-01 12:00:00,12.650805603562459
2023-11-02 12:00:00,10.710712598924795
2023-11-03 12:00:00,11.70953550826648
2023-11-04 12:00:00,12.729745793505087
2023-11-05 12:00:00,12.408814902776026
2023-11-06 12:00:00,11.941531655083004
2023-11-07 12:00:00,12.31445941670214
2023-11-08 12:00:00,10.640716162569053
2023-11-09 12:00:00,10.33286015642931
2023-11-10 12:00:00,10.583006727449007
2023-11-11 12:00:00,9.442769398560692
2023-11-12 12:00:00,13.979374568332286
2023-11-13 12:00:00,12.385313654365369
2023-11-14 12:00:00,12.210684182410095
2023-11-15 12:00:00,11.625906887164955
2023-11-16 12:00:00,10.201910380563765
2023-11-17 12:00:00,13.629337819387718
2023-11-18 12:00:00,14.17405392672815
2023-11-19 12:00:00,12.130797546569742
2023-11-20 12:00:00,11.768636921144056
2023-11-21 12:00:00,11.207580487248428
2023-11-22 12:00:00,10.789654915144304
2023-11-23 12:00:00,11.20910510498907
2023-11-24 12:00:00,10.915437992061179
2023-11-25 12:00:00,8.417343732414311
2023-11-26 12:00:00,10.843036954151792
2023-11-27 12:00:00,10.49869527244439
2023-11-28 12:00:00,9.85483177805149
2023-11-29 12:00:00,8.166026084608763
2023-11-30 12:00:00,2.0425608100616817
2023-12-01 12:00:00,4.643974907328156
2023-12-02 12:00:00,6.590613766480724
2023-12-03 12:00:00,9.387962138572956
2023-12-04 12:00:00,8.193609950198585
2023-12-05 12:00:00,7.438724422807295
2023-12-06 12:00:00,10.935417297315873
2023-12-07 12:00:00,11.324327735302374
2023-12-08 12:00:00,12.665919749265816
2023-12-09 12:00:00,11.918855782570287
2023-12-10 12:00:00,12.630170089094678
2023-12-11 12:00:00,11.876821112883803
2023-12-12 12:00:00,10.195595224290864
2023-12-13 12:00:00,9.73204751272515
2023-12-14 12:00:00,10.39602740127452
2023-12-15 12:00:00,11.148256528301722
2023-12-16 12:00:00,10.077913341967236
2023-12-17 12:00:00,10.564039712532477
2023-12-18 12:00:00,12.138673190526596
2023-12-19 12:00:00,9.939982622216055
2023-12-20 12:00:00,10.78358372680053
2023-12-21 12:00:00,10.916274845824685
2023-12-22 12:00:00,10.508963498719678
2023-12-23 12:00:00,11.203422919135662
2023-12-24 12:00:00,11.368687770816083
2023-12-25 12:00:00,11.299188722693929
2023-12-26 12:00:00,11.753611296365584
2023-12-27 12:00:00,11.82516586925348
2023-12-28 12:00:00,11.48113248965706
2023-12-29 12:00:00,10.21362425572648
2023-12-30 12:00:00,11.01746524656063
2023-12-31 12:00:00,9.155635487958646
2024-01-01 12:00:00,12.114880907026343
2024-01-02 12:00:00,12.455201537881159
2024-01-03 12:00:00,10.076895866515816
2024-01-04 12:00:00,7.191075165836046
2024-01-05 12:00:00,8.923619221209517
2024-01-06 12:00:00,9.305865443796053
2024-01-07 12:00:00,5.00907913063817
2024-01-08 12:00:00,2.62318386589397
2024-01-09 12:00:00,0.9423569794273403
2024-01-10 12:00:00,3.624196417462283
2024-01-11 12:00:00,4.620544569302492
2024-01-12 12:00:00,4.675630766546581
2024-01-13 12:00:00,4.1311586785741845
2024-01-14 12:00:00,5.466598871226967
2024-01-15 12:00:00,6.349879265233832
2024-01-16 12:00:00,5.603453199651543
2024-01-17 12:00:00,3.178958659363863
2024-01-18 12:00:00,6.189482649467817
2024-01-19 12:00:00,6.574260808073776
2024-01-20 12:00:00,10.165943072668247
2024-01-21 12:00:00,12.347499551865528
2024-01-22 12:00:00,10.289317042744285
2024-01-23 12:00:00,12.704332194015507
2024-01-24 12:00:00,11.424677339225381
2024-01-25 12:00:00,12.278772647434465
2024-01-26 12:00:00,9.416437589732176
2024-01-27 12:00:00,9.397544460510074
2024-01-28 12:00:00,11.186296475926934
2024-01-29 12:00:00,11.70472051172745
2024-01-30 12:00:00,8.514146197196274
2024-01-31 12:00:00,12.50403460017461
2024-02-01 12:00:00,9.410550592169695
2024-02-02 12:00:00,10.87011791373016
2024-02-03 12:00:00,10.772059604915633
2024-02-04 12:00:00,10.59814669668162
2024-02-05 12:00:00,10.89080111114652
2024-02-06 12:00:00,11.968672681103662
2024-02-07 12:00:00,11.340023336988754
2024-02-08 12:00:00,11.572880983731654
2024-02-09 12:00:00,11.36438780471385
2024-02-10 12:00:00,10.516766891953909
2024-02-11 12:00:00,9.444100631966263
2024-02-12 12:00:00,9.645831584466075
2024-02-13 12:00:00,12.156310133131633
2024-02-14 12:00:00,12.190541715447104
2024-02-15 12:00:00,12.370411343743601
2024-02-16 12:00:00,12.660063707964792
2024-02-17 12:00:00,11.578446242301025
2024-02-18 12:00:00,11.310478861817224
2024-02-19 12:00:00,11.382048377776773
2024-02-20 12:00:00,11.466809565288205
2024-02-21 12:00:00,11.732748334890715
2024-02-22 12:00:00,6.77645647492682
2024-02-23 12:00:00,7.584761447262295
2024-02-24 12:00:00,8.932932505939537
2024-02-25 12:00:00,8.423470824362548
2024-02-26 12:00:00,9.436141307960757
2024-02-27 12:00:00,9.339212915072281
2024-02-28 12:00:00,11.228813929125824
2024-02-29 12:00:00,8.142046177737381
2024-03-01 12:00:00,7.037941155769241
2024-03-02 12:00:00,6.628427616220521
2024-03-03 12:00:00,8.614426780633021
2024-03-04 12:00:00,8.76547507973555
2024-03-05 12:00:00,11.530786500102483
2024-03-06 12:00:00,10.121255251025524
2024-03-07 12:00:00,10.753223773404903
2024-03-08 12:00:00,8.736003063167484
2024-03-09 12:00:00,8.437326715418116
2024-03-10 12:00:00,11.63430221874837
2024-03-11 12:00:00,10.833883133229676
2024-03-12 12:00:00,11.625298956379183
2024-03-13 12:00:00,11.925878164202334
2024-03-14 12:00:00,11.715483914942064
2024-03-15 12:00:00,12.408937583071324
2024-03-16 12:00:00,11.24986683475828
2024-03-17 12:00:00,15.140108691987187
2024-03-18 12:00:00,13.93255060421226
2024-03-19 12:00:00,13.584993751014824
2024-03-20 12:00:00,14.393534630669159
2024-03-21 12:00:00,11.018359070991403
2024-03-22 12:00:00,10.97543982402391
2024-03-23 12:00:00,10.283738849258242
2024-03-24 12:00:00,10.701339149316372
2024-03-25 12:00:00,8.539374970179587
2024-03-26 12:00:00,10.919093150494998
2024-03-27 12:00:00,8.659670727963046
2024-03-28 12:00:00,9.748320267112558
2024-03-29 12:00:00,11.508249009603816
2024-03-30 12:00:00,11.834372790722442
2024-03-31 12:00:00,13.006405280439962
2024-04-01 12:00:00,11.609472608413395
2024-04-02 12:00:00,11.008356891394161
2024-04-03 12:00:00,12.972506099638686
2024-04-04 12:00:00,12.599148732659934
2024-04-05 12:00:00,13.765865704512684
2024-04-06 12:00:00,13.045721410736414
2024-04-07 12:00:00,13.160738598721215
2024-04-08 12:00:00,11.31141535258607
2024-04-09 12:00:00,11.266312572267479
2024-04-10 12:00:00,12.69724141668766
2024-04-11 12:00:00,14.088840814822406
2024-04-12 12:00:00,15.790848794642402
2024-04-13 12:00:00,14.061155210402907
2024-04-14 12:00:00,12.502832494277047
2024-04-15 12:00:00,10.601817264457607
2024-04-16 12:00:00,10.903784674673657
2024-04-17 12:00:00,11.03013323422697
2024-04-18 12:00:00,13.45350460932982
2024-04-19 12:00:00,13.18564310264512
2024-04-20 12:00:00,13.629193439369203
2024-04-21 12:00:00,14.68452690600079
2024-04-22 12:00:00,14.898185194105697
2024-04-23 12:00:00,14.368570428274674
2024-04-24 12:00:00,13.458664598826836
2024-04-25 12:00:00,12.649631440202402
2024-04-26 12:00:00,10.109217420257004
2024-04-27 12:00:00,9.982154012110167
2024-04-28 12:00:00,12.9781168176266
2024-04-29 12:00:00,10.93482155427392
2024-04-30 12:00:00,10.279999375062008
2024-05-01 12:00:00,13.675978081021391
2024-05-02 12:00:00,11.777778474277454
2024-05-03 12:00:00,14.628706231502122
2024-05-04 12:00:00,15.124721469744838
2024-05-05 12:00:00,14.401809625261064
2024-05-06 12:00:00,16.698177688812848
2024-05-07 12:00:00,16.685165005121583
2024-05-08 12:00:00,17.732644019407243
2024-05-09 12:00:00,19.064965055402965
2024-05-10 12:00:00,19.66173515970771
2024-05-11 12:00:00,21.20986906334982
2024-05-12 12:00:00,19.821554308483492
2024-05-13 12:00:00,13.535381433061204
2024-05-14 12:00:00,14.351464711430495
2024-05-15 12:00:00,14.988185482908403
2024-05-16 12:00:00,17.001415820492667
2024-05-17 12:00:00,17.701668333615242
2024-05-18 12:00:00,20.388113568026046
2024-05-19 12:00:00,21.65047206731704
2024-05-20 12:00:00,20.889291685546358
2024-05-21 12:00:00,20.842595763775837
2024-05-22 12:00:00,14.93241694372897
2024-05-23 12:00:00,15.365859940338893
2024-05-24 12:00:00,14.997215498417523
2024-05-25 12:00:00,14.913864000261658
2024-05-26 12:00:00,15.933451675928751
2024-05-27 12:00:00,15.806771016985984
2024-05-28 12:00:00,14.74707318678866
2024-05-29 12:00:00,16.312987950388052
2024-05-30 12:00:00,15.58408880894964
2024-05-31 12:00:00,16.314599645815036
2024-06-01 12:00:00,19.574475513691617
2024-06-02 12:00:00,21.75612606170025
2024-06-03 12:00:00,20.133360995768314
2024-06-04 12:00:00,15.82263954354428
2024-06-05 12:00:00,16.001912462079027
2024-06-06 12:00:00,16.78932720698729
2024-06-07 12:00:00,16.936622955108604
2024-06-08 12:00:00,18.48033218848282
2024-06-09 12:00:00,17.214837970942675
2024-06-10 12:00:00,16.055818297265777
2024-06-11 12:00:00,16.31742699678404
2024-06-12 12:00:00,18.241845623915133
2024-06-13 12:00:00,14.189711653749061
2024-06-14 12:00:00,15.166654795227988
2024-06-15 12:00:00,15.72749047173294
2024-06-16 12:00:00,17.54327383993313
2024-06-17 12:00:00,19.71421693699098
2024-06-18 12:00:00,19.0504880881697
2024-06-19 12:00:00,18.953746467914943
2024-06-20 12:00:00,21.797983814885363
2024-06-21 12:00:00,16.799579227485296
2024-06-22 12:00:00,18.141538901893703
2024-06-23 12:00:00,17.2222344820419
2024-06-24 12:00:00,18.79428613001691
2024-06-25 12:00:00,22.780286496251566
2024-06-26 12:00:00,23.647850582528278
2024-06-27 12:00:00,18.564513549855793
2024-06-28 12:00:00,17.21597342273191
2024-06-29 12:00:00,18.12389970231855
2024-06-30 12:00:00,17.86455842645738
2024-07-01 12:00:00,18.47223494485928
2024-07-02 12:00:00,18.08357183000884
2024-07-03 12:00:00,15.467116783526773
2024-07-04 12:00:00,17.044919170624034
2024-07-05 12:00:00,15.721649254537901
2024-07-06 12:00:00,15.555307776291762
2024-07-07 12:00:00,17.508200089160212
2024-07-08 12:00:00,15.817448234654458
2024-07-09 12:00:00,16.546667253607488
2024-07-10 12:00:00,17.767234471634506
2024-07-11 12:00:00,18.372557216569717
2024-07-12 12:00:00,19.745987643520248
2024-07-13 12:00:00,19.4164643445679
2024-07-14 12:00:00,18.573396901139496
2024-07-15 12:00:00,16.434842963945144
2024-07-16 12:00:00,18.763725393942945
2024-07-17 12:00:00,19.34748707308284
2024-07-18 12:00:00,22.104459870822808
2024-07-19 12:00:00,22.232395015368944
2024-07-20 12:00:00,17.71797819853075
2024-07-21 12:00:00,18.336619238246232
2024-07-22 12:00:00,17.750687302367528
2024-07-23 12:00:00,18.68723450976754
2024-07-24 12:00:00,17.30103897587698
2024-07-25 12:00:00,18.206474922388974
2024-07-26 12:00:00,19.241799673412977
2024-07-27 12:00:00,19.88885895182196
2024-07-28 12:00:00,20.904802009684676
2024-07-29 12:00:00,24.913589744767865
2024-07-30 12:00:00,24.91789647073816
2024-07-31 12:00:00,27.250991823896904
2024-08-01 12:00:00,22.247711925574155
2024-08-02 12:00:00,21.334303000162404
2024-08-03 12:00:00,20.09314385494564
2024-08-04 12:00:00,19.607817288929688
2024-08-05 12:00:00,18.443500298292705
2024-08-06 12:00:00,19.668217506752896
2024-08-07 12:00:00,18.82604640276655
2024-08-08 12:00:00,19.13069343930953
2024-08-09 12:00:00,20.049360361211583
2024-08-10 12:00:00,20.860037531285002
2024-08-11 12:00:00,24.142113263158045
2024-08-12 12:00:00,20.66788977080971
2024-08-13 12:00:00,18.502944024735896
2024-08-14 12:00:00,19.8918681512451
2024-08-15 12:00:00,23.374515650795853
2024-08-16 12:00:00,21.06645507464513
2024-08-17 12:00:00,17.90760303947768
2024-08-18 12:00:00,19.30414391625089
2024-08-19 12:00:00,17.335666578727302
2024-08-20 12:00:00,18.117065421717
2024-08-21 12:00:00,18.09178264642398
2024-08-22 12:00:00,18.252772227613185
2024-08-23 12:00:00,18.474601042241684
2024-08-24 12:00:00,17.18828736577096
2024-08-25 12:00:00,17.229413032215476
2024-08-26 12:00:00,20.289285469976516
2024-08-27 12:00:00,18.047892044429563
2024-08-28 12:00:00,19.6724083802808
2024-08-29 12:00:00,19.54804710303425
2024-08-30 12:00:00,20.801487672366605
2024-08-31 12:00:00,21.59042746014227
2024-09-01 12:00:00,23.255008648001173
2024-09-02 12:00:00,19.95692957165307
2024-09-03 12:00:00,18.669127113938476
2024-09-04 12:00:00,16.985003037399217
2024-09-05 12:00:00,15.660765564737874
2024-09-06 12:00:00,18.58019074532518
2024-09-07 12:00:00,17.551828615848375
2024-09-08 12:00:00,15.734890766339412
2024-09-09 12:00:00,15.848423359097367
2024-09-10 12:00:00,16.43824494325075
2024-09-11 12:00:00,15.71185771723464
2024-09-12 12:00:00,15.118577350609087
2024-09-13 12:00:00,16.446773984545757
2024-09-14 12:00:00,16.79943087420695
2024-09-15 12:00:00,18.14693627993308
2024-09-16 12:00:00,20.060415617775913
2024-09-17 12:00:00,20.039085922080673
2024-09-18 12:00:00,21.482003142654307
2024-09-19 12:00:00,22.40089313958867
2024-09-20 12:00:00,19.31550045143664
2024-09-21 12:00:00,20.637769344418555
2024-09-22 12:00:00,17.801865675655783
2024-09-23 12:00:00,18.98432088069431
2024-09-24 12:00:00,16.297956320704422
2024-09-25 12:00:00,16.867094791484014
2024-09-26 12:00:00,14.997869776716508
2024-09-27 12:00:00,14.781018596579974
2024-09-28 12:00:00,15.300619440881825
2024-09-29 12:00:00,14.59769436556456
2024-09-30 12:00:00,13.212694351558904
2024-10-01 12:00:00,15.509441561401395
2024-10-02 12:00:00,15.690368317569426
2024-10-03 12:00:00,16.276901330862298
2024-10-04 12:00:00,14.732076114385512
2024-10-05 12:00:00,14.614143301290694
2024-10-06 12:00:00,14.655481290826703
2024-10-07 12:00:00,16.361890956071875
2024-10-08 12:00:00,14.648440948273164
2024-10-09 12:00:00,16.650633636475572
2024-10-10 12:00:00,14.77643347483969
2024-10-11 12:00:00,12.596449572846906
2024-10-12 12:00:00,13.620723294631736
2024-10-13 12:00:00,14.258028349605343
2024-10-14 12:00:00,15.1139894278725
2024-10-15 12:00:00,16.132685114295697
2024-10-16 12:00:00,15.693237945100309
2024-10-17 12:00:00,16.27598730900605
2024-10-18 12:00:00,14.481319148998095
2024-10-19 12:00:00,15.811957828246062
2024-10-20 12:00:00,16.469750295413636
2024-10-21 12:00:00,14.954633585355232
2024-10-22 12:00:00,17.029156765439513
2024-10-23 12:00:00,15.15173041864624
2024-10-24 12:00:00,15.427110372987249
2024-10-25 12:00:00,13.740024997118073
2024-10-26 12:00:00,14.907020696744501
2024-10-27 12:00:00,15.26220917023879
2024-10-28 12:00:00,14.380972096501427
2024-10-29 12:00:00,15.732842226168968
2024-10-30 12:00:00,14.547626705659045
2024-10-31 12:00:00,14.527353985590809
2024-11-01 12:00:00,15.633304670992624
2024-11-02 12:00:00,12.691639669252726
2024-11-03 12:00:00,11.737411143049057
2024-11-04 12:00:00,12.896282782869418
2024-11-05 12:00:00,13.086936634207621
2024-11-06 12:00:00,13.942327930730205
2024-11-07 12:00:00,12.850599963460994
2024-11-08 12:00:00,12.370062079730818
2024-11-09 12:00:00,11.959229777773643
2024-11-10 12:00:00,14.510217453753576
2024-11-11 12:00:00,13.927008079203395
2024-11-12 12:00:00,10.955571021808636
2024-11-13 12:00:00,11.878326854012627
2024-11-14 12:00:00,13.173907823357595
2024-11-15 12:00:00,12.588262418914539
2024-11-16 12:00:00,10.762623643169722
2024-11-17 12:00:00,11.889632981196279
2024-11-18 12:00:00,12.017977593526282
2024-11-19 12:00:00,9.09896648058051
2024-11-20 12:00:00,8.405251686502751
2024-11-21 12:00:00,4.221419757622634
2024-11-22 12:00:00,12.25970200593063
2024-11-23 12:00:00,14.813681510296192
2024-11-24 12:00:00,12.313269678203369
2024-11-25 12:00:00,10.918132115017515
2024-11-26 12:00:00,10.522449488321104
2024-11-27 12:00:00,8.441378012585426
2024-11-28 12:00:00,11.144262360272851
2024-11-29 12:00:00,12.93791627949923
2024-11-30 12:00:00,13.305759738716567
2024-12-01 12:00:00,13.312346030773476
2024-12-02 12:00:00,9.485905298616231
2024-12-03 12:00:00,8.82535450648326
2024-12-04 12:00:00,13.106103076633616
2024-12-05 12:00:00,12.645568007351523
2024-12-06 12:00:00,13.015161367177637
2024-12-07 12:00:00,7.995773179298113
2024-12-08 12:00:00,8.082654566774268
2024-12-09 12:00:00,7.944709426566502
2024-12-10 12:00:00,6.100162908224474
2024-12-11 12:00:00,4.946031966007771
2024-12-12 12:00:00,6.014801411729489
2024-12-13 12:00:00,7.539370993450301
2024-12-14 12:00:00,9.933056853168846
2024-12-15 12:00:00,10.492875683971354
2024-12-16 12:00:00,10.40025701254872
2024-12-17 12:00:00,13.260558258865878
2024-12-18 12:00:00,12.904812282511191
2024-12-19 12:00:00,7.67879810928624
2024-12-20 12:00:00,9.964417479008674
2024-12-21 12:00:00,11.44415729644051
2024-12-22 12:00:00,7.520068761239175
2024-12-23 12:00:00,10.765597565020748
2024-12-24 12:00:00,11.201243154177462
2024-12-25 12:00:00,9.456409370859982
2024-12-26 12:00:00,6.898565870691942
2024-12-27 12:00:00,7.81632845752745
2024-12-28 12:00:00,9.133601616217252
2024-12-29 12:00:00,9.19132751875945
2024-12-30 12:00:00,9.490495651822318
2024-12-31 12:00:00,11.199630508534648
