AnalysisYear,EnsembleMember,DaysInYear,AnnualRainfall_mm,AnnualRainfall365_mm,DryDays,DryDays365,LightRainDays,LightRainDays365,ModerateRainDays,ModerateRainDays365,HeavyRainDays,HeavyRainDays365,VeryHeavyRainDays,VeryHeavyRainDays365,LongestDrySpell
1981,01,360,1589.0074685408297,1611.0770167150079,133,134.84722222222223,77,78.06944444444444,99,100.375,51,51.70833333333333,19,19.26388888888889,14
1982,01,360,1544.446103756671,1565.8967440866247,134,135.86111111111111,63,63.875,105,106.45833333333333,58,58.80555555555555,12,12.166666666666666,18
1983,01,360,1338.7481294564636,1357.3418534766922,162,164.25,70,70.97222222222221,76,77.05555555555556,52,52.72222222222222,13,13.180555555555555,17
1984,01,360,1501.7116518069806,1522.5687580820775,153,155.125,76,77.05555555555556,74,75.02777777777777,57,57.791666666666664,14,14.194444444444443,17
1985,01,360,1224.669857218093,1241.6791607905666,164,166.27777777777777,60,60.83333333333333,97,98.34722222222221,39,39.541666666666664,10,10.13888888888889,22
1986,01,360,1418.5961646314745,1438.298889140245,139,140.93055555555554,80,81.11111111111111,97,98.34722222222221,44,44.61111111111111,12,12.166666666666666,16
1987,01,360,1419.9010880499209,1439.6219364950587,164,166.27777777777777,57,57.791666666666664,94,95.30555555555556,45,45.625,17,17.23611111111111,18
1988,01,360,1213.5708773889733,1230.42602846382,131,132.81944444444443,90,91.25,106,107.47222222222221,33,33.45833333333333,10,10.13888888888889,16
1989,01,360,1172.487730203471,1188.7722820118527,151,153.09722222222223,81,82.125,94,95.30555555555556,34,34.47222222222222,10,10.13888888888889,15
1990,01,360,1292.994460825767,1310.9527172261248,164,166.27777777777777,59,59.81944444444444,91,92.26388888888889,46,46.638888888888886,14,14.194444444444443,23
1991,01,360,1260.0048119643416,1277.5048787971796,138,139.91666666666666,91,92.26388888888889,86,87.19444444444444,45,45.625,6,6.083333333333333,9
1992,01,360,1716.4850338201572,1740.325103734326,122,123.69444444444444,83,84.15277777777777,95,96.31944444444444,60,60.83333333333333,21,21.291666666666664,25
1993,01,360,1269.184136904349,1286.8116943613538,143,144.98611111111111,80,81.11111111111111,93,94.29166666666666,44,44.61111111111111,6,6.083333333333333,17
1994,01,360,1242.6237366987937,1259.8823997084992,156,158.16666666666666,78,79.08333333333333,85,86.18055555555556,41,41.56944444444444,16,16.22222222222222,12
1995,01,360,1398.4138831903213,1417.8362982346312,163,165.26388888888889,62,62.86111111111111,93,94.29166666666666,42,42.58333333333333,15,15.208333333333332,21
1996,01,360,1354.7399670699933,1373.5557999459654,143,144.98611111111111,76,77.05555555555556,92,93.27777777777777,49,49.68055555555555,10,10.13888888888889,13
1997,01,360,1372.2469028790638,1391.3058876412729,137,138.90277777777777,81,82.125,102,103.41666666666666,40,40.55555555555556,13,13.180555555555555,13
1998,01,360,1457.7091295558912,1477.955089688612,166,168.30555555555554,54,54.75,92,93.27777777777777,48,48.666666666666664,16,16.22222222222222,31
1999,01,360,1375.6168309677532,1394.7226202867498,134,135.86111111111111,79,80.09722222222221,100,101.38888888888889,47,47.65277777777778,12,12.166666666666666,13
2000,01,360,1556.9460856496028,1578.5703368391805,159,161.20833333333331,51,51.70833333333333,88,89.22222222222221,62,62.86111111111111,15,15.208333333333332,38
2001,01,360,1516.4061857141578,1537.4673827379654,143,144.98611111111111,67,67.93055555555556,105,106.45833333333333,45,45.625,19,19.26388888888889,20
2002,01,360,1109.6080808229956,1125.0193041677594,182,184.52777777777777,71,71.98611111111111,69,69.95833333333333,38,38.52777777777778,11,11.152777777777777,12
2003,01,360,1275.0767597284441,1292.786159169117,158,160.19444444444443,81,82.125,81,82.125,40,40.55555555555556,15,15.208333333333332,17
2004,01,360,1178.5945713453839,1194.9639403918475,157,159.18055555555554,91,92.26388888888889,68,68.94444444444444,44,44.61111111111111,11,11.152777777777777,12
2005,01,360,1385.3222188443506,1404.5628052171887,148,150.05555555555554,85,86.18055555555556,82,83.13888888888889,45,45.625,11,11.152777777777777,10
2006,01,360,1490.7786049610863,1511.4838633633235,127,128.76388888888889,83,84.15277777777777,104,105.44444444444444,46,46.638888888888886,16,16.22222222222222,9
2007,01,360,1056.0083161092784,1070.675098277463,215,217.98611111111111,52,52.72222222222222,52,52.72222222222222,41,41.56944444444444,10,10.13888888888889,19
2008,01,360,2117.110675917433,2146.514990860731,108,109.5,72,73.0,105,106.45833333333333,75,76.04166666666666,26,26.36111111111111,12
2009,01,360,1446.9401140264551,1467.0365044990447,138,139.91666666666666,78,79.08333333333333,101,102.40277777777777,43,43.59722222222222,13,13.180555555555555,19
2010,01,360,1417.0380771548676,1436.7191615597962,155,157.15277777777777,74,75.02777777777777,77,78.06944444444444,54,54.75,14,14.194444444444443,20
1981,04,360,1330.528275041465,1349.0078344170408,127,128.76388888888889,84,85.16666666666666,105,106.45833333333333,44,44.61111111111111,11,11.152777777777777,13
1982,04,360,1406.027074499305,1425.5552283117952,142,143.97222222222223,71,71.98611111111111,94,95.30555555555556,53,53.73611111111111,10,10.13888888888889,14
1983,04,360,1935.6859245316518,1962.570451261258,90,91.25,68,68.94444444444444,135,136.875,67,67.93055555555556,22,22.305555555555554,10
1984,04,360,1207.2440151345818,1224.011293122562,136,137.88888888888889,90,91.25,93,94.29166666666666,41,41.56944444444444,8,8.11111111111111,11
1985,04,360,1829.8047788772597,1855.2187341394438,113,114.56944444444444,69,69.95833333333333,119,120.65277777777777,59,59.81944444444444,17,17.23611111111111,16
1986,04,360,1357.3139610447997,1376.1655438370885,142,143.97222222222223,84,85.16666666666666,96,97.33333333333333,38,38.52777777777778,17,17.23611111111111,12
1987,04,360,1471.5353487320774,1491.9733396866895,139,140.93055555555554,68,68.94444444444444,108,109.5,45,45.625,12,12.166666666666666,11
1988,04,360,1615.2657355325505,1637.6999818593913,128,129.77777777777777,88,89.22222222222221,89,90.2361111111111,55,55.763888888888886,18,18.25,8
1989,04,360,1383.2136065478303,1402.4249066387724,144,146.0,76,77.05555555555556,96,97.33333333333333,44,44.61111111111111,15,15.208333333333332,14
1990,04,360,1394.6959444964227,1414.0667215033175,138,139.91666666666666,71,71.98611111111111,110,111.52777777777777,41,41.56944444444444,16,16.22222222222222,11
1991,04,360,1706.380934272216,1730.0806694704413,138,139.91666666666666,74,75.02777777777777,94,95.30555555555556,54,54.75,21,21.291666666666664,12
1992,04,360,1235.2713581330872,1252.4279047738246,142,143.97222222222223,75,76.04166666666666,103,104.43055555555556,40,40.55555555555556,7,7.097222222222221,13
1993,04,360,1211.8871383556825,1228.718904166178,153,155.125,84,85.16666666666666,76,77.05555555555556,47,47.65277777777778,9,9.125,10
1994,04,360,1662.1114730258805,1685.1963545956844,111,112.54166666666666,87,88.20833333333333,106,107.47222222222221,56,56.77777777777777,17,17.23611111111111,12
1995,04,360,1341.1215243318334,1359.7482121697753,153,155.125,69,69.95833333333333,95,96.31944444444444,43,43.59722222222222,15,15.208333333333332,12
1996,04,360,1749.7105601900994,1774.0120957482952,135,136.875,79,80.09722222222221,82,83.13888888888889,64,64.88888888888889,16,16.22222222222222,17
1997,04,360,1518.6855320794962,1539.7783866917114,134,135.86111111111111,75,76.04166666666666,90,91.25,61,61.84722222222222,11,11.152777777777777,17
1998,04,360,1705.8611554952606,1729.5536715438059,123,124.70833333333333,73,74.01388888888889,110,111.52777777777777,54,54.75,21,21.291666666666664,15
1999,04,360,1694.1166139301936,1717.6460113458907,130,131.80555555555554,69,69.95833333333333,107,108.4861111111111,54,54.75,22,22.305555555555554,27
2000,04,360,1477.2286900058807,1497.7457551448513,123,124.70833333333333,78,79.08333333333333,114,115.58333333333333,45,45.625,14,14.194444444444443,10
2001,04,360,1264.8556895920337,1282.4231297252563,167,169.31944444444443,73,74.01388888888889,78,79.08333333333333,42,42.58333333333333,12,12.166666666666666,14
2002,04,360,1605.342884545147,1627.639313497163,125,126.7361111111111,74,75.02777777777777,101,102.40277777777777,60,60.83333333333333,10,10.13888888888889,12
2003,04,360,1795.7288990461668,1820.6695781995857,124,125.72222222222221,70,70.97222222222221,103,104.43055555555556,63,63.875,27,27.375,12
2004,04,360,1637.962425037092,1660.711903162607,138,139.91666666666666,66,66.91666666666666,98,99.3611111111111,58,58.80555555555555,20,20.27777777777778,21
2005,04,360,1375.8868971898542,1394.9964374286021,148,150.05555555555554,78,79.08333333333333,83,84.15277777777777,51,51.70833333333333,10,10.13888888888889,20
2006,04,360,1523.6952517400598,1544.857685792005,135,136.875,84,85.16666666666666,89,90.2361111111111,52,52.72222222222222,14,14.194444444444443,14
2007,04,360,1609.1874573380287,1631.5372831343902,127,128.76388888888889,80,81.11111111111111,95,96.31944444444444,58,58.80555555555555,15,15.208333333333332,12
2008,04,360,1359.554829254519,1378.4375352163872,147,149.04166666666666,79,80.09722222222221,90,91.25,44,44.61111111111111,16,16.22222222222222,14
2009,04,360,1409.0878775865103,1428.6585425529895,145,147.01388888888889,76,77.05555555555556,92,93.27777777777777,47,47.65277777777778,13,13.180555555555555,14
2010,04,360,1468.3271336072667,1488.7205660184786,145,147.01388888888889,70,70.97222222222221,98,99.3611111111111,47,47.65277777777778,12,12.166666666666666,16
1981,05,360,1444.9835081857393,1465.0527235772079,128,129.77777777777777,75,76.04166666666666,110,111.52777777777777,47,47.65277777777778,13,13.180555555555555,14
1982,05,360,1245.1764196509175,1262.4705365905136,146,148.02777777777777,92,93.27777777777777,85,86.18055555555556,37,37.513888888888886,13,13.180555555555555,14
1983,05,360,1143.9681754229834,1159.856622303858,180,182.5,58,58.80555555555555,83,84.15277777777777,39,39.541666666666664,12,12.166666666666666,18
1984,05,360,882.7272970565175,894.9873984045247,184,186.55555555555554,79,80.09722222222221,72,73.0,25,25.34722222222222,11,11.152777777777777,9
1985,05,360,903.0536917090124,915.5961040938597,170,172.36111111111111,90,91.25,71,71.98611111111111,29,29.402777777777775,4,4.055555555555555,22
1986,05,360,1304.3194631557071,1322.435011255092,151,153.09722222222223,81,82.125,86,87.19444444444444,42,42.58333333333333,13,13.180555555555555,18
1987,05,360,1270.26559246526,1287.9081701383884,176,178.44444444444443,58,58.80555555555555,85,86.18055555555556,41,41.56944444444444,11,11.152777777777777,23
1988,05,360,1311.0428279508135,1329.251756116797,145,147.01388888888889,80,81.11111111111111,97,98.34722222222221,38,38.52777777777778,12,12.166666666666666,13
1989,05,360,1122.072515150553,1137.6568556387551,171,173.375,72,73.0,83,84.15277777777777,34,34.47222222222222,10,10.13888888888889,14
1990,05,360,1209.6431711151376,1226.4437707139589,151,153.09722222222223,80,81.11111111111111,93,94.29166666666666,36,36.5,12,12.166666666666666,11
1991,05,360,1630.5650207507383,1653.2117571500542,123,124.70833333333333,72,73.0,108,109.5,57,57.791666666666664,18,18.25,8
1992,05,360,1445.6468463371937,1465.7252747585435,143,144.98611111111111,86,87.19444444444444,81,82.125,50,50.69444444444444,18,18.25,33
1993,05,360,1265.260796111728,1282.8338627243909,156,158.16666666666666,63,63.875,91,92.26388888888889,50,50.69444444444444,7,7.097222222222221,24
1994,05,360,1405.0779025925237,1424.5928734618642,151,153.09722222222223,79,80.09722222222221,84,85.16666666666666,46,46.638888888888886,18,18.25,14
1995,05,360,1054.0962768135696,1068.7365028804247,192,194.66666666666666,73,74.01388888888889,62,62.86111111111111,33,33.45833333333333,13,13.180555555555555,33
1996,05,360,1376.4147971256502,1395.5316693079508,147,149.04166666666666,68,68.94444444444444,105,106.45833333333333,40,40.55555555555556,11,11.152777777777777,14
1997,05,360,1689.5945564370634,1713.0611474986893,124,125.72222222222221,83,84.15277777777777,93,94.29166666666666,60,60.83333333333333,20,20.27777777777778,10
1998,05,360,1370.8775596256255,1389.917525731537,156,158.16666666666666,77,78.06944444444444,75,76.04166666666666,52,52.72222222222222,11,11.152777777777777,20
1999,05,360,1765.0503546116774,1789.564942870173,138,139.91666666666666,75,76.04166666666666,89,90.2361111111111,58,58.80555555555555,27,27.375,15
2000,05,360,910.5950756998104,923.2422295289745,172,174.38888888888889,75,76.04166666666666,85,86.18055555555556,28,28.388888888888886,4,4.055555555555555,18
2001,05,360,1125.1091700983563,1140.7356863497223,182,184.52777777777777,57,57.791666666666664,81,82.125,40,40.55555555555556,8,8.11111111111111,22
2002,05,360,1223.6177926770804,1240.6124842420397,178,180.4722222222222,64,64.88888888888889,80,81.11111111111111,38,38.52777777777778,12,12.166666666666666,21
2003,05,360,1387.5050813004755,1406.7759852074264,141,142.95833333333331,83,84.15277777777777,88,89.22222222222221,48,48.666666666666664,16,16.22222222222222,19
2004,05,360,1313.6780029454112,1331.9235307640974,146,148.02777777777777,80,81.11111111111111,90,91.25,44,44.61111111111111,13,13.180555555555555,17
2005,05,360,1334.8236129032252,1353.3628297491034,149,151.06944444444443,81,82.125,85,86.18055555555556,45,45.625,16,16.22222222222222,17
2006,05,360,1355.5805578309175,1374.408065578569,130,131.80555555555554,97,98.34722222222221,87,88.20833333333333,46,46.638888888888886,13,13.180555555555555,15
2007,05,360,907.250364773903,919.8510642846517,172,174.38888888888889,83,84.15277777777777,74,75.02777777777777,31,31.430555555555554,6,6.083333333333333,16
2008,05,360,1142.9842233191648,1158.8590041985976,173,175.40277777777777,74,75.02777777777777,72,73.0,41,41.56944444444444,7,7.097222222222221,26
2009,05,360,1523.7875239778955,1544.9512395886995,145,147.01388888888889,70,70.97222222222221,96,97.33333333333333,49,49.68055555555555,20,20.27777777777778,13
2010,05,360,1341.4008602041256,1360.0314277069606,153,155.125,78,79.08333333333333,84,85.16666666666666,45,45.625,13,13.180555555555555,12
1981,06,360,1429.0200133013445,1448.8675134860853,153,155.125,68,68.94444444444444,94,95.30555555555556,45,45.625,17,17.23611111111111,20
1982,06,360,1150.1213893335212,1166.095297518709,159,161.20833333333331,71,71.98611111111111,93,94.29166666666666,37,37.513888888888886,7,7.097222222222221,16
1983,06,360,1413.3259633262978,1432.9554905947186,136,137.88888888888889,82,83.13888888888889,93,94.29166666666666,49,49.68055555555555,13,13.180555555555555,9
1984,06,360,1276.3289552441324,1294.0557462891898,156,158.16666666666666,81,82.125,78,79.08333333333333,45,45.625,12,12.166666666666666,16
1985,06,360,1279.9860377228438,1297.7636215801053,149,151.06944444444443,76,77.05555555555556,93,94.29166666666666,42,42.58333333333333,12,12.166666666666666,16
1986,06,360,1341.331292545512,1359.9608938308663,160,162.22222222222223,66,66.91666666666666,90,91.25,44,44.61111111111111,13,13.180555555555555,16
1987,06,360,1291.4243974209126,1309.3608473850918,163,165.26388888888889,64,64.88888888888889,98,99.3611111111111,35,35.48611111111111,19,19.26388888888889,17
1988,06,360,1396.7048906126956,1416.103569648983,131,132.81944444444443,71,71.98611111111111,112,113.55555555555554,46,46.638888888888886,10,10.13888888888889,11
1989,06,360,1433.9722650125334,1453.8885464710406,137,138.90277777777777,81,82.125,94,95.30555555555556,48,48.666666666666664,14,14.194444444444443,14
1990,06,360,1377.745112459046,1396.8804612431993,169,171.3472222222222,68,68.94444444444444,82,83.13888888888889,41,41.56944444444444,13,13.180555555555555,13
1991,06,360,1525.0934072387204,1546.275260117036,143,144.98611111111111,58,58.80555555555555,106,107.47222222222221,53,53.73611111111111,11,11.152777777777777,13
1992,06,360,1289.810521847687,1307.7245568733492,152,154.11111111111111,74,75.02777777777777,85,86.18055555555556,49,49.68055555555555,13,13.180555555555555,17
1993,06,360,1430.9991067613191,1450.8740943552264,158,160.19444444444443,57,57.791666666666664,95,96.31944444444444,50,50.69444444444444,13,13.180555555555555,25
1994,06,360,1421.7974314032742,1441.5446179505418,156,158.16666666666666,69,69.95833333333333,92,93.27777777777777,43,43.59722222222222,17,17.23611111111111,20
1995,06,360,1661.5582722389372,1684.635470464478,129,130.79166666666666,73,74.01388888888889,98,99.3611111111111,60,60.83333333333333,13,13.180555555555555,11
1996,06,360,1214.8746800367246,1231.7479394816792,175,177.43055555555554,64,64.88888888888889,86,87.19444444444444,35,35.48611111111111,13,13.180555555555555,20
1997,06,360,1651.7036668366306,1674.643995542695,119,120.65277777777777,75,76.04166666666666,107,108.4861111111111,59,59.81944444444444,14,14.194444444444443,8
1998,06,360,1365.3600603913005,1384.323394563402,161,163.23611111111111,65,65.90277777777777,82,83.13888888888889,52,52.72222222222222,12,12.166666666666666,20
1999,06,360,1342.5940700338526,1361.241209895434,130,131.80555555555554,79,80.09722222222221,107,108.4861111111111,44,44.61111111111111,13,13.180555555555555,18
2000,06,360,1419.8556683848014,1439.575886001257,151,153.09722222222223,74,75.02777777777777,82,83.13888888888889,53,53.73611111111111,20,20.27777777777778,15
2001,06,360,1610.7591017471714,1633.1307559381041,150,152.08333333333331,55,55.763888888888886,103,104.43055555555556,52,52.72222222222222,19,19.26388888888889,21
2002,06,360,1086.8418897824265,1101.9369160294045,146,148.02777777777777,93,94.29166666666666,85,86.18055555555556,36,36.5,6,6.083333333333333,18
2003,06,360,1280.8124446769064,1298.60150640853,162,164.25,61,61.84722222222222,95,96.31944444444444,42,42.58333333333333,10,10.13888888888889,17
2004,06,360,1009.9997557670804,1024.0275301527342,176,178.44444444444443,72,73.0,80,81.11111111111111,32,32.44444444444444,7,7.097222222222221,20
2005,06,360,1374.1017143717618,1393.1864604047028,149,151.06944444444443,71,71.98611111111111,95,96.31944444444444,45,45.625,10,10.13888888888889,33
2006,06,360,1235.646752759893,1252.8085132148915,155,157.15277777777777,72,73.0,93,94.29166666666666,40,40.55555555555556,12,12.166666666666666,26
2007,06,360,1376.8798053273956,1396.0031359569427,121,122.68055555555554,91,92.26388888888889,102,103.41666666666666,46,46.638888888888886,11,11.152777777777777,10
2008,06,360,827.7611465558892,839.2578291469432,173,175.40277777777777,81,82.125,81,82.125,25,25.34722222222222,3,3.0416666666666665,11
2009,06,360,1387.5838399018016,1406.8558376782155,140,141.94444444444443,73,74.01388888888889,102,103.41666666666666,45,45.625,11,11.152777777777777,13
2010,06,360,1269.791725068184,1287.4277212496866,160,162.22222222222223,57,57.791666666666664,104,105.44444444444444,39,39.541666666666664,9,9.125,24
1981,07,360,1067.1759275176705,1081.9978153998604,160,162.22222222222223,71,71.98611111111111,99,100.375,30,30.416666666666664,6,6.083333333333333,12
1982,07,360,1024.0139188583175,1038.2363343980164,159,161.20833333333331,83,84.15277777777777,84,85.16666666666666,34,34.47222222222222,7,7.097222222222221,10
1983,07,360,1401.9504554557566,1421.4219895593087,144,146.0,78,79.08333333333333,82,83.13888888888889,56,56.77777777777777,12,12.166666666666666,15
1984,07,360,1285.9392304151265,1303.7994975042254,145,147.01388888888889,72,73.0,98,99.3611111111111,45,45.625,8,8.11111111111111,17
1985,07,360,1150.8712059127677,1166.8555282171117,151,153.09722222222223,84,85.16666666666666,86,87.19444444444444,39,39.541666666666664,8,8.11111111111111,9
1986,07,360,1275.9117475038802,1293.6327439969896,149,151.06944444444443,77,78.06944444444444,95,96.31944444444444,39,39.541666666666664,9,9.125,17
1987,07,360,1366.9249183794466,1385.9099866902723,126,127.75,89,90.2361111111111,104,105.44444444444444,41,41.56944444444444,9,9.125,11
1988,07,360,1096.7346461649054,1111.9670718060845,132,133.83333333333331,97,98.34722222222221,100,101.38888888888889,31,31.430555555555554,8,8.11111111111111,11
1989,07,360,1346.8311076726272,1365.5370952791914,136,137.88888888888889,71,71.98611111111111,104,105.44444444444444,49,49.68055555555555,7,7.097222222222221,14
1990,07,360,1595.0644655849624,1617.2181387180867,141,142.95833333333331,71,71.98611111111111,91,92.26388888888889,57,57.791666666666664,16,16.22222222222222,9
1991,07,360,1323.8675766207682,1342.2546262960566,165,167.29166666666666,76,77.05555555555556,78,79.08333333333333,41,41.56944444444444,16,16.22222222222222,22
1992,07,360,923.691888726903,936.5209427369988,184,186.55555555555554,85,86.18055555555556,61,61.84722222222222,30,30.416666666666664,10,10.13888888888889,28
1993,07,360,1298.8669159316496,1316.906734208478,170,172.36111111111111,56,56.77777777777777,89,90.2361111111111,45,45.625,13,13.180555555555555,18
1994,07,360,985.6347548314163,999.3241264262971,166,168.30555555555554,70,70.97222222222221,94,95.30555555555556,30,30.416666666666664,6,6.083333333333333,15
1995,07,360,1378.205648262087,1397.347393376838,148,150.05555555555554,85,86.18055555555556,77,78.06944444444444,50,50.69444444444444,15,15.208333333333332,16
1996,07,360,1236.778677615243,1253.956159248788,159,161.20833333333331,69,69.95833333333333,92,93.27777777777777,40,40.55555555555556,10,10.13888888888889,17
1997,07,360,1200.969564150058,1217.6496969854754,125,126.7361111111111,80,81.11111111111111,123,124.70833333333333,32,32.44444444444444,6,6.083333333333333,10
1998,07,360,1136.6924578277624,1152.47985307537,151,153.09722222222223,79,80.09722222222221,89,90.2361111111111,41,41.56944444444444,5,5.069444444444445,19
1999,07,360,1092.7833842808918,1107.960931284793,149,151.06944444444443,87,88.20833333333333,95,96.31944444444444,29,29.402777777777775,9,9.125,13
2000,07,360,1457.7910173338564,1478.0381147968267,140,141.94444444444443,75,76.04166666666666,94,95.30555555555556,51,51.70833333333333,14,14.194444444444443,13
2001,07,360,1454.0034742047394,1474.1979669020275,145,147.01388888888889,64,64.88888888888889,101,102.40277777777777,50,50.69444444444444,12,12.166666666666666,23
2002,07,360,1633.2996583605636,1655.9843758377936,118,119.63888888888889,80,81.11111111111111,102,103.41666666666666,60,60.83333333333333,15,15.208333333333332,8
2003,07,360,1249.7802632719213,1267.1383224840313,161,163.23611111111111,57,57.791666666666664,97,98.34722222222221,45,45.625,7,7.097222222222221,25
2004,07,360,1188.965327718467,1205.47873504789,149,151.06944444444443,80,81.11111111111111,90,91.25,41,41.56944444444444,8,8.11111111111111,19
2005,07,360,1160.9019507296334,1177.0255889342116,159,161.20833333333331,85,86.18055555555556,82,83.13888888888889,34,34.47222222222222,11,11.152777777777777,19
2006,07,360,1077.286870285678,1092.2491879285346,178,180.4722222222222,69,69.95833333333333,77,78.06944444444444,36,36.5,8,8.11111111111111,18
2007,07,360,1144.7844797695454,1160.684264210789,122,123.69444444444444,95,96.31944444444444,108,109.5,35,35.48611111111111,9,9.125,16
2008,07,360,1086.281069894511,1101.368306976379,191,193.65277777777777,58,58.80555555555555,72,73.0,39,39.541666666666664,7,7.097222222222221,18
2009,07,360,1175.3378419877536,1191.661978682028,149,151.06944444444443,71,71.98611111111111,108,109.5,32,32.44444444444444,9,9.125,11
2010,07,360,1102.700564238904,1118.015849853333,162,164.25,75,76.04166666666666,87,88.20833333333333,36,36.5,9,9.125,24
1981,08,360,1081.581973792439,1096.6039456506671,151,153.09722222222223,77,78.06944444444444,98,99.3611111111111,34,34.47222222222222,8,8.11111111111111,17
1982,08,360,1521.1026611536734,1542.22908700303,162,164.25,61,61.84722222222222,86,87.19444444444444,51,51.70833333333333,14,14.194444444444443,14
1983,08,360,1670.3875576004248,1693.5873847893195,132,133.83333333333331,74,75.02777777777777,93,94.29166666666666,61,61.84722222222222,16,16.22222222222222,9
1984,08,360,1693.0683608012387,1716.5831991457003,127,128.76388888888889,71,71.98611111111111,107,108.4861111111111,55,55.763888888888886,19,19.26388888888889,11
1985,08,360,1461.8028765829254,1482.1056943132437,141,142.95833333333331,72,73.0,101,102.40277777777777,46,46.638888888888886,13,13.180555555555555,15
1986,08,360,1356.545824114838,1375.3867383386553,153,155.125,70,70.97222222222221,97,98.34722222222221,40,40.55555555555556,15,15.208333333333332,26
1987,08,360,1213.2416199592212,1230.0921980142105,165,167.29166666666666,71,71.98611111111111,79,80.09722222222221,45,45.625,10,10.13888888888889,22
1988,08,360,1570.414722796624,1592.2260383910213,118,119.63888888888889,76,77.05555555555556,113,114.56944444444444,53,53.73611111111111,16,16.22222222222222,14
1989,08,360,1670.3811599374712,1693.5808982699361,137,138.90277777777777,84,85.16666666666666,80,81.11111111111111,59,59.81944444444444,21,21.291666666666664,20
1990,08,360,1727.9085155127138,1751.9072448948348,140,141.94444444444443,63,63.875,98,99.3611111111111,59,59.81944444444444,20,20.27777777777778,20
1991,08,360,1023.151563882026,1037.3620022692764,154,156.13888888888889,93,94.29166666666666,84,85.16666666666666,29,29.402777777777775,5,5.069444444444445,19
1992,08,360,1608.9230212025084,1631.2691742747654,150,152.08333333333331,66,66.91666666666666,88,89.22222222222221,56,56.77777777777777,21,21.291666666666664,24
1993,08,360,1737.3558164404906,1761.4857583354974,124,125.72222222222221,76,77.05555555555556,100,101.38888888888889,60,60.83333333333333,21,21.291666666666664,16
1994,08,360,1478.6370961344476,1499.173722469648,142,143.97222222222223,68,68.94444444444444,98,99.3611111111111,52,52.72222222222222,11,11.152777777777777,11
1995,08,360,1335.2620109124675,1353.807316619585,139,140.93055555555554,75,76.04166666666666,102,103.41666666666666,44,44.61111111111111,11,11.152777777777777,12
1996,08,360,1462.4945899162874,1482.8070147762357,110,111.52777777777777,81,82.125,117,118.625,52,52.72222222222222,5,5.069444444444445,19
1997,08,360,1015.8690047327668,1029.9782964651663,200,202.77777777777777,50,50.69444444444444,76,77.05555555555556,34,34.47222222222222,10,10.13888888888889,20
1998,08,360,1287.4257586612111,1305.3066719759502,157,159.18055555555554,66,66.91666666666666,92,93.27777777777777,45,45.625,8,8.11111111111111,16
1999,08,360,1568.1311889523677,1589.9107887989283,146,148.02777777777777,64,64.88888888888889,96,97.33333333333333,54,54.75,17,17.23611111111111,21
2000,08,360,1315.2258383046374,1333.4928638366462,141,142.95833333333331,83,84.15277777777777,92,93.27777777777777,44,44.61111111111111,11,11.152777777777777,15
2001,08,360,1228.99968927967,1246.0691294085543,173,175.40277777777777,75,76.04166666666666,73,74.01388888888889,39,39.541666666666664,15,15.208333333333332,16
2002,08,360,1806.3641067730964,1831.4524971449448,128,129.77777777777777,58,58.80555555555555,111,112.54166666666666,63,63.875,20,20.27777777777778,34
2003,08,360,1216.7846023017619,1233.684388444842,176,178.44444444444443,65,65.90277777777777,76,77.05555555555556,43,43.59722222222222,13,13.180555555555555,30
2004,08,360,1622.2407096250242,1644.7718305920384,137,138.90277777777777,77,78.06944444444444,92,93.27777777777777,54,54.75,21,21.291666666666664,11
2005,08,360,1238.0552333715978,1255.2504449462033,157,159.18055555555554,78,79.08333333333333,86,87.19444444444444,39,39.541666666666664,12,12.166666666666666,19
2006,08,360,1278.2877477821758,1296.0417442791504,173,175.40277777777777,72,73.0,74,75.02777777777777,41,41.56944444444444,19,19.26388888888889,25
2007,08,360,1190.529141306048,1207.0642682686318,179,181.48611111111111,67,67.93055555555556,68,68.94444444444444,46,46.638888888888886,8,8.11111111111111,20
2008,08,360,1443.3853021097043,1463.4323201945613,155,157.15277777777777,63,63.875,101,102.40277777777777,41,41.56944444444444,20,20.27777777777778,20
2009,08,360,1467.8390681786027,1488.2257219033054,146,148.02777777777777,69,69.95833333333333,94,95.30555555555556,51,51.70833333333333,13,13.180555555555555,16
2010,08,360,1491.6197852131372,1512.3367266744308,130,131.80555555555554,75,76.04166666666666,107,108.4861111111111,48,48.666666666666664,15,15.208333333333332,26
1981,09,360,952.2963553627067,965.522693631633,170,172.36111111111111,68,68.94444444444444,99,100.375,23,23.319444444444443,6,6.083333333333333,14
1982,09,360,832.0015854220114,843.557162997317,206,208.86111111111111,62,62.86111111111111,68,68.94444444444444,24,24.333333333333332,5,5.069444444444445,20
1983,09,360,1007.2419166863543,1021.2313877514425,176,178.44444444444443,69,69.95833333333333,82,83.13888888888889,33,33.45833333333333,10,10.13888888888889,17
1984,09,360,952.329457464812,965.5562554851565,191,193.65277777777777,60,60.83333333333333,78,79.08333333333333,31,31.430555555555554,9,9.125,15
1985,09,360,955.0995483692782,968.364819874407,165,167.29166666666666,87,88.20833333333333,82,83.13888888888889,26,26.36111111111111,6,6.083333333333333,12
1986,09,360,1202.1888238313832,1218.8858908290413,164,166.27777777777777,71,71.98611111111111,85,86.18055555555556,40,40.55555555555556,11,11.152777777777777,18
1987,09,360,1115.8838837018156,1131.382270975452,166,168.30555555555554,60,60.83333333333333,99,100.375,35,35.48611111111111,11,11.152777777777777,21
1988,09,360,1666.2998386677045,1689.4428919825336,105,106.45833333333333,87,88.20833333333333,107,108.4861111111111,61,61.84722222222222,15,15.208333333333332,12
1989,09,360,1166.4225693448911,1182.6228828080145,156,158.16666666666666,78,79.08333333333333,90,91.25,36,36.5,11,11.152777777777777,12
1990,09,360,1452.5919606797436,1472.7668490225178,157,159.18055555555554,75,76.04166666666666,77,78.06944444444444,51,51.70833333333333,17,17.23611111111111,22
1991,09,360,997.1403188520311,1010.9894899471982,170,172.36111111111111,70,70.97222222222221,94,95.30555555555556,26,26.36111111111111,8,8.11111111111111,22
1992,09,360,1019.1379228083151,1033.2926161806529,183,185.54166666666666,63,63.875,83,84.15277777777777,31,31.430555555555554,10,10.13888888888889,22
1993,09,360,1433.9915984920474,1453.9081484711035,123,124.70833333333333,78,79.08333333333333,107,108.4861111111111,52,52.72222222222222,11,11.152777777777777,21
1994,09,360,1040.1807715379168,1054.6277266981656,185,187.56944444444443,63,63.875,74,75.02777777777777,38,38.52777777777778,10,10.13888888888889,12
1995,09,360,1156.8423308712172,1172.9095854666507,142,143.97222222222223,95,96.31944444444444,84,85.16666666666666,39,39.541666666666664,8,8.11111111111111,12
1996,09,360,1302.1920557951316,1320.2780565700639,169,171.3472222222222,59,59.81944444444444,86,87.19444444444444,46,46.638888888888886,11,11.152777777777777,27
1997,09,360,1064.2497344687595,1079.0309807808255,151,153.09722222222223,83,84.15277777777777,92,93.27777777777777,34,34.47222222222222,4,4.055555555555555,15
1998,09,360,1178.6973770662323,1195.0681739699298,137,138.90277777777777,81,82.125,108,109.5,34,34.47222222222222,7,7.097222222222221,10
1999,09,360,1094.2400935835449,1109.4378726610942,182,184.52777777777777,62,62.86111111111111,78,79.08333333333333,38,38.52777777777778,7,7.097222222222221,23
2000,09,360,1156.4162071870353,1172.4775433979662,173,175.40277777777777,74,75.02777777777777,75,76.04166666666666,38,38.52777777777778,11,11.152777777777777,24
2001,09,360,1558.29363323703,1579.936600365322,147,149.04166666666666,69,69.95833333333333,93,94.29166666666666,51,51.70833333333333,20,20.27777777777778,19
2002,09,360,1167.0571498953998,1183.2662769772803,170,172.36111111111111,60,60.83333333333333,93,94.29166666666666,37,37.513888888888886,7,7.097222222222221,15
2003,09,360,1506.5244523137494,1527.4484030403291,143,144.98611111111111,69,69.95833333333333,96,97.33333333333333,52,52.72222222222222,12,12.166666666666666,14
2004,09,360,1434.9911228596975,1454.9215551216378,153,155.125,62,62.86111111111111,96,97.33333333333333,49,49.68055555555555,10,10.13888888888889,16
2005,09,360,1210.3057855243428,1227.1155881010698,164,166.27777777777777,72,73.0,84,85.16666666666666,40,40.55555555555556,12,12.166666666666666,13
2006,09,360,1520.014064750367,1541.125371205233,161,163.23611111111111,64,64.88888888888889,83,84.15277777777777,52,52.72222222222222,18,18.25,21
2007,09,360,1376.9950833444898,1396.1200150576076,145,147.01388888888889,82,83.13888888888889,85,86.18055555555556,48,48.666666666666664,10,10.13888888888889,29
2008,09,360,1229.6886363125707,1246.7676451502452,148,150.05555555555554,89,90.2361111111111,85,86.18055555555556,38,38.52777777777778,8,8.11111111111111,16
2009,09,360,1245.4735528516826,1262.7717966412893,153,155.125,76,77.05555555555556,91,92.26388888888889,40,40.55555555555556,13,13.180555555555555,12
2010,09,360,1108.3259061684807,1123.7193215319319,154,156.13888888888889,79,80.09722222222221,91,92.26388888888889,36,36.5,7,7.097222222222221,20
1981,10,360,1473.4400005896189,1493.9044450422523,139,140.93055555555554,65,65.90277777777777,115,116.59722222222221,41,41.56944444444444,15,15.208333333333332,35
1982,10,360,1172.9658298446168,1189.257021925792,142,143.97222222222223,100,101.38888888888889,82,83.13888888888889,36,36.5,12,12.166666666666666,11
1983,10,360,1065.3183075353518,1080.1143951400095,191,193.65277777777777,49,49.68055555555555,93,94.29166666666666,27,27.375,11,11.152777777777777,20
1984,10,360,1150.0601942165285,1166.033252469536,162,164.25,71,71.98611111111111,93,94.29166666666666,34,34.47222222222222,13,13.180555555555555,11
1985,10,360,1369.654346260321,1388.6773232917144,145,147.01388888888889,75,76.04166666666666,93,94.29166666666666,47,47.65277777777778,13,13.180555555555555,18
1986,10,360,1455.6590282134234,1475.8765147163876,165,167.29166666666666,63,63.875,84,85.16666666666666,48,48.666666666666664,20,20.27777777777778,20
1987,10,360,1159.1731547254712,1175.272781874436,170,172.36111111111111,68,68.94444444444444,82,83.13888888888889,40,40.55555555555556,8,8.11111111111111,17
1988,10,360,1416.3088567014465,1435.9798130445222,122,123.69444444444444,89,90.2361111111111,100,101.38888888888889,49,49.68055555555555,7,7.097222222222221,9
1989,10,360,1436.3836023523525,1456.3333746072462,154,156.13888888888889,69,69.95833333333333,97,98.34722222222221,40,40.55555555555556,15,15.208333333333332,26
1990,10,360,1142.985174413271,1158.8599685023441,185,187.56944444444443,59,59.81944444444444,80,81.11111111111111,36,36.5,8,8.11111111111111,23
1991,10,360,1134.4980587940095,1150.2549762772596,173,175.40277777777777,75,76.04166666666666,76,77.05555555555556,36,36.5,12,12.166666666666666,21
1992,10,360,1414.8255330474153,1434.4758876730739,134,135.86111111111111,81,82.125,99,100.375,46,46.638888888888886,10,10.13888888888889,9
1993,10,360,1105.741602003232,1121.0991242532768,177,179.45833333333331,65,65.90277777777777,82,83.13888888888889,36,36.5,13,13.180555555555555,22
1994,10,360,1419.9608845905273,1439.6825635431735,164,166.27777777777777,74,75.02777777777777,83,84.15277777777777,39,39.541666666666664,17,17.23611111111111,17
1995,10,360,1214.9752275358949,1231.8498834738934,167,169.31944444444443,75,76.04166666666666,79,80.09722222222221,39,39.541666666666664,13,13.180555555555555,18
1996,10,360,1374.6634001288148,1393.755947352826,152,154.11111111111111,70,70.97222222222221,91,92.26388888888889,47,47.65277777777778,14,14.194444444444443,24
1997,10,360,1125.5279503220822,1141.1602829654444,167,169.31944444444443,80,81.11111111111111,76,77.05555555555556,37,37.513888888888886,11,11.152777777777777,9
1998,10,360,1488.3067445034303,1508.9776715104224,150,152.08333333333331,48,48.666666666666664,111,112.54166666666666,51,51.70833333333333,11,11.152777777777777,21
1999,10,360,1517.8980431499235,1538.9799604158945,151,153.09722222222223,53,53.73611111111111,103,104.43055555555556,53,53.73611111111111,18,18.25,13
2000,10,360,1330.6634160938513,1349.144852428488,162,164.25,66,66.91666666666666,82,83.13888888888889,50,50.69444444444444,13,13.180555555555555,22
2001,10,360,1300.6646927063443,1318.7294801050434,166,168.30555555555554,68,68.94444444444444,79,80.09722222222221,47,47.65277777777778,11,11.152777777777777,14
2002,10,360,732.0548161519541,742.2222441540646,219,222.04166666666666,60,60.83333333333333,58,58.80555555555555,23,23.319444444444443,8,8.11111111111111,19
2003,10,360,1395.1847747073693,1414.5623410227495,163,165.26388888888889,56,56.77777777777777,93,94.29166666666666,48,48.666666666666664,13,13.180555555555555,17
2004,10,360,1018.6377719044508,1032.785518736457,198,200.75,57,57.791666666666664,65,65.90277777777777,40,40.55555555555556,6,6.083333333333333,29
2005,10,360,1120.1466747789482,1135.7042674842112,147,149.04166666666666,82,83.13888888888889,95,96.31944444444444,36,36.5,8,8.11111111111111,16
2006,10,360,1760.147021075413,1784.593507479238,136,137.88888888888889,61,61.84722222222222,108,109.5,55,55.763888888888886,19,19.26388888888889,17
2007,10,360,1395.4413889339194,1414.8225193357794,166,168.30555555555554,59,59.81944444444444,87,88.20833333333333,48,48.666666666666664,12,12.166666666666666,19
2008,10,360,1260.5726892152459,1278.0806432321242,167,169.31944444444443,76,77.05555555555556,76,77.05555555555556,41,41.56944444444444,14,14.194444444444443,16
2009,10,360,1253.379735762773,1270.787787648367,176,178.44444444444443,63,63.875,76,77.05555555555556,45,45.625,13,13.180555555555555,13
2010,10,360,1587.2207229539115,1609.2654552171603,137,138.90277777777777,69,69.95833333333333,102,103.41666666666666,52,52.72222222222222,17,17.23611111111111,18
1981,11,360,1380.5982699136175,1399.77324588464,119,120.65277777777777,83,84.15277777777777,114,115.58333333333333,44,44.61111111111111,12,12.166666666666666,9
1982,11,360,1423.946796060984,1443.7238348951644,150,152.08333333333331,79,80.09722222222221,84,85.16666666666666,47,47.65277777777778,16,16.22222222222222,10
1983,11,360,1566.3100362861944,1588.0643423457248,117,118.625,85,86.18055555555556,114,115.58333333333333,44,44.61111111111111,14,14.194444444444443,15
1984,11,360,1497.9205791005902,1518.7250315880983,130,131.80555555555554,86,87.19444444444444,98,99.3611111111111,46,46.638888888888886,14,14.194444444444443,10
1985,11,360,1717.6506024549435,1741.5068608223733,124,125.72222222222221,81,82.125,100,101.38888888888889,55,55.763888888888886,21,21.291666666666664,14
1986,11,360,1314.9486640638631,1333.211839953639,147,149.04166666666666,75,76.04166666666666,97,98.34722222222221,41,41.56944444444444,12,12.166666666666666,13
1987,11,360,1562.1317697006853,1583.8280442798614,133,134.84722222222223,83,84.15277777777777,99,100.375,45,45.625,17,17.23611111111111,16
1988,11,360,1472.878658143372,1493.335306173141,118,119.63888888888889,95,96.31944444444444,99,100.375,48,48.666666666666664,13,13.180555555555555,9
1989,11,360,1371.0976287949293,1390.140651417081,146,148.02777777777777,78,79.08333333333333,94,95.30555555555556,42,42.58333333333333,15,15.208333333333332,14
1990,11,360,1690.3914029346142,1713.869061308706,83,84.15277777777777,92,93.27777777777777,125,126.7361111111111,60,60.83333333333333,12,12.166666666666666,7
1991,11,360,1585.5146195386167,1607.5356559210975,145,147.01388888888889,66,66.91666666666666,98,99.3611111111111,51,51.70833333333333,17,17.23611111111111,14
1992,11,360,1461.3194195182766,1481.6155225671414,145,147.01388888888889,76,77.05555555555556,91,92.26388888888889,48,48.666666666666664,13,13.180555555555555,18
1993,11,360,1872.5325804034944,1898.5399773535428,107,108.4861111111111,79,80.09722222222221,111,112.54166666666666,63,63.875,22,22.305555555555554,8
1994,11,360,1792.5056942707229,1817.4016066911495,137,138.90277777777777,82,83.13888888888889,89,90.2361111111111,52,52.72222222222222,31,31.430555555555554,20
1995,11,360,1392.9659640347413,1412.3127135352238,147,149.04166666666666,69,69.95833333333333,97,98.34722222222221,47,47.65277777777778,7,7.097222222222221,14
1996,11,360,1579.592869864716,1601.5316597239482,134,135.86111111111111,85,86.18055555555556,86,87.19444444444444,55,55.763888888888886,18,18.25,11
1997,11,360,1460.1480401920953,1480.4278740836521,130,131.80555555555554,92,93.27777777777777,91,92.26388888888889,47,47.65277777777778,17,17.23611111111111,11
1998,11,360,1200.367635148571,1217.0394078589677,175,177.43055555555554,66,66.91666666666666,76,77.05555555555556,43,43.59722222222222,12,12.166666666666666,16
1999,11,360,1243.4175101917408,1260.6871978332927,162,164.25,68,68.94444444444444,80,81.11111111111111,50,50.69444444444444,6,6.083333333333333,25
2000,11,360,1464.9461625935658,1485.292637074032,140,141.94444444444443,75,76.04166666666666,100,101.38888888888889,45,45.625,17,17.23611111111111,17
2001,11,360,1218.713297728102,1235.6398713076587,148,150.05555555555554,82,83.13888888888889,90,91.25,40,40.55555555555556,12,12.166666666666666,16
2002,11,360,1369.665141764321,1388.68826873327,138,139.91666666666666,79,80.09722222222221,94,95.30555555555556,49,49.68055555555555,14,14.194444444444443,11
2003,11,360,1645.9835554981164,1668.844438213368,122,123.69444444444444,72,73.0,115,116.59722222222221,51,51.70833333333333,19,19.26388888888889,16
2004,11,360,1540.389566808557,1561.7838663475648,131,132.81944444444443,80,81.11111111111111,100,101.38888888888889,49,49.68055555555555,22,22.305555555555554,11
2005,11,360,1765.083039974489,1789.598082196357,107,108.4861111111111,81,82.125,110,111.52777777777777,62,62.86111111111111,18,18.25,11
2006,11,360,1580.4264696900502,1602.3768373246342,138,139.91666666666666,67,67.93055555555556,104,105.44444444444444,51,51.70833333333333,17,17.23611111111111,10
2007,11,360,1412.117867879917,1431.7306160449157,128,129.77777777777777,96,97.33333333333333,83,84.15277777777777,53,53.73611111111111,12,12.166666666666666,14
2008,11,360,1549.1802646582905,1570.696657222989,128,129.77777777777777,89,90.2361111111111,93,94.29166666666666,50,50.69444444444444,16,16.22222222222222,14
2009,11,360,1340.4589529631721,1359.0764384209938,142,143.97222222222223,78,79.08333333333333,93,94.29166666666666,47,47.65277777777778,10,10.13888888888889,10
2010,11,360,1834.8657116541149,1860.349957649311,118,119.63888888888889,71,71.98611111111111,103,104.43055555555556,68,68.94444444444444,19,19.26388888888889,17
1981,12,360,1187.992451315395,1204.4923464725532,132,133.83333333333331,101,102.40277777777777,96,97.33333333333333,31,31.430555555555554,11,11.152777777777777,10
1982,12,360,1249.326414762399,1266.6781705229878,121,122.68055555555554,96,97.33333333333333,103,104.43055555555556,40,40.55555555555556,8,8.11111111111111,9
1983,12,360,1415.5177061979657,1435.177674339604,117,118.625,86,87.19444444444444,111,112.54166666666666,46,46.638888888888886,11,11.152777777777777,7
1984,12,360,1207.7280920910844,1224.502093370127,139,140.93055555555554,89,90.2361111111111,93,94.29166666666666,39,39.541666666666664,10,10.13888888888889,10
1985,12,360,1303.7029394035085,1321.8099246730017,131,132.81944444444443,77,78.06944444444444,111,112.54166666666666,41,41.56944444444444,9,9.125,19
1986,12,360,1360.2430689534172,1379.1353337999924,123,124.70833333333333,88,89.22222222222221,107,108.4861111111111,42,42.58333333333333,10,10.13888888888889,12
1987,12,360,1364.476583995192,1383.4276476617918,129,130.79166666666666,84,85.16666666666666,103,104.43055555555556,44,44.61111111111111,16,16.22222222222222,12
1988,12,360,1334.3430214483437,1352.875563412904,98,99.3611111111111,106,107.47222222222221,113,114.56944444444444,43,43.59722222222222,6,6.083333333333333,11
1989,12,360,1448.128149954663,1468.2410409262554,133,134.84722222222223,66,66.91666666666666,115,116.59722222222221,46,46.638888888888886,12,12.166666666666666,20
1990,12,360,1338.691188210897,1357.2841213804927,119,120.65277777777777,100,101.38888888888889,104,105.44444444444444,37,37.513888888888886,13,13.180555555555555,10
1991,12,360,1015.1870470698697,1029.2868671680621,173,175.40277777777777,73,74.01388888888889,81,82.125,33,33.45833333333333,6,6.083333333333333,17
1992,12,360,1213.2377710788185,1230.0882956771354,120,121.66666666666666,93,94.29166666666666,114,115.58333333333333,33,33.45833333333333,9,9.125,9
1993,12,360,1381.133098180604,1400.3155023220013,158,160.19444444444443,82,83.13888888888889,73,74.01388888888889,47,47.65277777777778,22,22.305555555555554,13
1994,12,360,1263.809346970045,1281.362254566851,128,129.77777777777777,92,93.27777777777777,95,96.31944444444444,45,45.625,7,7.097222222222221,11
1995,12,360,1393.1795878595374,1412.5293043575864,130,131.80555555555554,84,85.16666666666666,99,100.375,47,47.65277777777778,12,12.166666666666666,21
1996,12,360,1417.595117626115,1437.2839387042554,140,141.94444444444443,78,79.08333333333333,96,97.33333333333333,46,46.638888888888886,13,13.180555555555555,17
1997,12,360,1505.0074181727127,1525.910298980667,120,121.66666666666666,78,79.08333333333333,118,119.63888888888889,44,44.61111111111111,16,16.22222222222222,12
1998,12,360,1074.73111455934,1089.6579355948863,148,150.05555555555554,97,98.34722222222221,77,78.06944444444444,38,38.52777777777778,6,6.083333333333333,16
1999,12,360,1281.5062521777431,1299.3049501246562,126,127.75,92,93.27777777777777,105,106.45833333333333,37,37.513888888888886,11,11.152777777777777,15
2000,12,360,1407.5553291399265,1427.1047087113143,144,146.0,83,84.15277777777777,83,84.15277777777777,50,50.69444444444444,16,16.22222222222222,17
2001,12,360,1716.8695516676873,1740.7149621075162,124,125.72222222222221,69,69.95833333333333,109,110.51388888888889,58,58.80555555555555,16,16.22222222222222,22
2002,12,360,1364.407191108484,1383.3572909849906,135,136.875,82,83.13888888888889,101,102.40277777777777,42,42.58333333333333,13,13.180555555555555,21
2003,12,360,1641.5250484901132,1664.3240074969203,105,106.45833333333333,95,96.31944444444444,112,113.55555555555554,48,48.666666666666664,18,18.25,9
2004,12,360,1458.0575305957118,1478.3083296317632,126,127.75,95,96.31944444444444,89,90.2361111111111,50,50.69444444444444,15,15.208333333333332,13
2005,12,360,1175.1137740352588,1191.4347986746372,137,138.90277777777777,87,88.20833333333333,104,105.44444444444444,32,32.44444444444444,7,7.097222222222221,16
2006,12,360,1377.626714180916,1396.7604185445398,120,121.66666666666666,106,107.47222222222221,88,89.22222222222221,46,46.638888888888886,13,13.180555555555555,8
2007,12,360,997.7480813221248,1011.6056935627098,188,190.61111111111111,65,65.90277777777777,74,75.02777777777777,33,33.45833333333333,9,9.125,20
2008,12,360,1440.1501305855384,1460.1522157325596,143,144.98611111111111,78,79.08333333333333,94,95.30555555555556,45,45.625,17,17.23611111111111,19
2009,12,360,1610.0629141608101,1632.4248990797103,120,121.66666666666666,74,75.02777777777777,114,115.58333333333333,52,52.72222222222222,16,16.22222222222222,18
2010,12,360,1123.1094392546856,1138.7081814665562,180,182.5,56,56.77777777777777,87,88.20833333333333,37,37.513888888888886,11,11.152777777777777,59
1981,13,360,1213.0327832991331,1229.8804608449543,151,153.09722222222223,77,78.06944444444444,95,96.31944444444444,37,37.513888888888886,9,9.125,16
1982,13,360,1124.1132804981185,1139.725964949481,176,178.44444444444443,55,55.763888888888886,94,95.30555555555556,35,35.48611111111111,10,10.13888888888889,19
1983,13,360,1440.375321471377,1460.3805342695905,156,158.16666666666666,54,54.75,104,105.44444444444444,46,46.638888888888886,11,11.152777777777777,17
1984,13,360,1311.2197772207353,1329.4311630154677,130,131.80555555555554,92,93.27777777777777,97,98.34722222222221,41,41.56944444444444,15,15.208333333333332,8
1985,13,360,1747.8529561730008,1772.1286916754036,121,122.68055555555554,77,78.06944444444444,97,98.34722222222221,65,65.90277777777777,20,20.27777777777778,9
1986,13,360,1172.7904534640409,1189.0792097621525,171,173.375,69,69.95833333333333,83,84.15277777777777,37,37.513888888888886,10,10.13888888888889,19
1987,13,360,1148.0672798386447,1164.0126587252926,150,152.08333333333331,75,76.04166666666666,92,93.27777777777777,43,43.59722222222222,7,7.097222222222221,16
1988,13,360,1280.4718830118975,1298.256214720396,136,137.88888888888889,81,82.125,107,108.4861111111111,36,36.5,8,8.11111111111111,14
1989,13,360,1186.4478672395724,1202.926309840122,149,151.06944444444443,81,82.125,94,95.30555555555556,36,36.5,10,10.13888888888889,15
1990,13,360,965.7119148175022,979.1245803010786,196,198.7222222222222,70,70.97222222222221,62,62.86111111111111,32,32.44444444444444,10,10.13888888888889,11
1991,13,360,1000.0209889534535,1013.9101693555848,161,163.23611111111111,79,80.09722222222221,97,98.34722222222221,23,23.319444444444443,8,8.11111111111111,14
1992,13,360,1290.3984443433826,1308.3206449592628,186,188.58333333333331,56,56.77777777777777,75,76.04166666666666,43,43.59722222222222,16,16.22222222222222,20
1993,13,360,1306.2006209858569,1324.342296277327,149,151.06944444444443,77,78.06944444444444,93,94.29166666666666,41,41.56944444444444,16,16.22222222222222,30
1994,13,360,1315.7338946345376,1334.0079765044616,155,157.15277777777777,75,76.04166666666666,92,93.27777777777777,38,38.52777777777778,14,14.194444444444443,18
1995,13,360,1391.8084595764144,1411.1391326260868,152,154.11111111111111,68,68.94444444444444,88,89.22222222222221,52,52.72222222222222,10,10.13888888888889,13
1996,13,360,1304.6714912842267,1322.7919286631743,153,155.125,67,67.93055555555556,100,101.38888888888889,40,40.55555555555556,9,9.125,14
1997,13,360,1308.135103607198,1326.3036467128536,137,138.90277777777777,70,70.97222222222221,112,113.55555555555554,41,41.56944444444444,7,7.097222222222221,22
1998,13,360,1091.229870197691,1106.3858406171034,160,162.22222222222223,80,81.11111111111111,77,78.06944444444444,43,43.59722222222222,10,10.13888888888889,13
1999,13,360,1529.8286021833032,1551.0762216580713,142,143.97222222222223,67,67.93055555555556,102,103.41666666666666,49,49.68055555555555,14,14.194444444444443,19
2000,13,360,1558.3904034469847,1580.0347146059705,148,150.05555555555554,67,67.93055555555556,91,92.26388888888889,54,54.75,16,16.22222222222222,12
2001,13,360,1415.0580504825416,1434.7116345170214,155,157.15277777777777,61,61.84722222222222,99,100.375,45,45.625,14,14.194444444444443,21
2002,13,360,1434.535382551851,1454.4594850872932,168,170.33333333333331,67,67.93055555555556,73,74.01388888888889,52,52.72222222222222,19,19.26388888888889,19
2003,13,360,1307.8396608917042,1326.0041006263111,151,153.09722222222223,88,89.22222222222221,79,80.09722222222221,42,42.58333333333333,18,18.25,12
2004,13,360,1041.2444570401524,1055.7061856101545,174,176.41666666666666,77,78.06944444444444,72,73.0,37,37.513888888888886,6,6.083333333333333,23
2005,13,360,1560.6605103739928,1582.3363507958538,127,128.76388888888889,74,75.02777777777777,111,112.54166666666666,48,48.666666666666664,17,17.23611111111111,9
2006,13,360,1409.3264277650842,1428.900405928488,143,144.98611111111111,67,67.93055555555556,103,104.43055555555556,47,47.65277777777778,8,8.11111111111111,13
2007,13,360,1797.7604329101218,1822.7293278116513,128,129.77777777777777,71,71.98611111111111,100,101.38888888888889,61,61.84722222222222,20,20.27777777777778,13
2008,13,360,1339.3633175983969,1357.9655858983745,140,141.94444444444443,76,77.05555555555556,96,97.33333333333333,48,48.666666666666664,12,12.166666666666666,12
2009,13,360,1248.591180593286,1265.9327247681927,160,162.22222222222223,70,70.97222222222221,94,95.30555555555556,36,36.5,8,8.11111111111111,16
2010,13,360,1483.737046576292,1504.3445055565182,149,151.06944444444443,61,61.84722222222222,99,100.375,51,51.70833333333333,14,14.194444444444443,19
1981,15,360,1513.8052549861336,1534.8303279720521,135,136.875,68,68.94444444444444,106,107.47222222222221,51,51.70833333333333,13,13.180555555555555,11
1982,15,360,1378.7169409880723,1397.8657873906843,134,135.86111111111111,79,80.09722222222221,104,105.44444444444444,43,43.59722222222222,14,14.194444444444443,10
1983,15,360,1262.6129661488894,1280.1492573454018,131,132.81944444444443,99,100.375,94,95.30555555555556,36,36.5,10,10.13888888888889,8
1984,15,360,1624.0930552136876,1646.6499032027666,120,121.66666666666666,81,82.125,102,103.41666666666666,57,57.791666666666664,12,12.166666666666666,9
1985,15,360,1117.9182415225741,1133.4448837659431,141,142.95833333333331,89,90.2361111111111,102,103.41666666666666,28,28.388888888888886,9,9.125,12
1986,15,360,1114.2075214422487,1129.6826259067243,164,166.27777777777777,66,66.91666666666666,101,102.40277777777777,29,29.402777777777775,7,7.097222222222221,15
1987,15,360,1170.4335399585063,1186.689561346819,194,196.69444444444443,59,59.81944444444444,68,68.94444444444444,39,39.541666666666664,15,15.208333333333332,24
1988,15,360,1355.9835347818512,1374.816639431599,126,127.75,84,85.16666666666666,106,107.47222222222221,44,44.61111111111111,10,10.13888888888889,13
1989,15,360,1209.8716476424945,1226.675420526418,167,169.31944444444443,72,73.0,79,80.09722222222221,42,42.58333333333333,6,6.083333333333333,18
1990,15,360,1502.8180237448921,1523.6904962969045,161,163.23611111111111,58,58.80555555555555,87,88.20833333333333,54,54.75,14,14.194444444444443,16
1991,15,360,1355.3632055911905,1374.1876945577349,153,155.125,75,76.04166666666666,84,85.16666666666666,48,48.666666666666664,12,12.166666666666666,8
1992,15,360,1600.3035962664812,1622.5300351035157,116,117.6111111111111,89,90.2361111111111,94,95.30555555555556,61,61.84722222222222,12,12.166666666666666,12
1993,15,360,1768.4944619391497,1793.0568850216378,131,132.81944444444443,73,74.01388888888889,92,93.27777777777777,64,64.88888888888889,18,18.25,16
1994,15,360,1233.2404662917893,1250.3688061013975,152,154.11111111111111,80,81.11111111111111,86,87.19444444444444,42,42.58333333333333,9,9.125,39
1995,15,360,1383.857397102453,1403.0776387288759,160,162.22222222222223,67,67.93055555555556,82,83.13888888888889,51,51.70833333333333,16,16.22222222222222,13
1996,15,360,1910.0251573636904,1936.5532845492971,135,136.875,65,65.90277777777777,93,94.29166666666666,67,67.93055555555556,28,28.388888888888886,23
1997,15,360,1571.5036180523894,1593.3300571920058,158,160.19444444444443,73,74.01388888888889,78,79.08333333333333,51,51.70833333333333,21,21.291666666666664,16
1998,15,360,1287.1467868043426,1305.0238255099584,144,146.0,80,81.11111111111111,91,92.26388888888889,45,45.625,8,8.11111111111111,14
1999,15,360,1023.8165470955641,1038.0362213607802,187,189.5972222222222,74,75.02777777777777,68,68.94444444444444,31,31.430555555555554,7,7.097222222222221,15
2000,15,360,1216.9139721327829,1233.8155550790714,184,186.55555555555554,58,58.80555555555555,73,74.01388888888889,45,45.625,12,12.166666666666666,23
2001,15,360,1062.2182423424204,1076.971273486065,180,182.5,76,77.05555555555556,69,69.95833333333333,35,35.48611111111111,11,11.152777777777777,11
2002,15,360,1403.979510895981,1423.479226325092,143,144.98611111111111,76,77.05555555555556,93,94.29166666666666,48,48.666666666666664,13,13.180555555555555,10
2003,15,360,1254.1868097918343,1271.6060710389431,178,180.4722222222222,71,71.98611111111111,62,62.86111111111111,49,49.68055555555555,14,14.194444444444443,18
2004,15,360,1469.5324789405308,1489.9426522591493,137,138.90277777777777,69,69.95833333333333,110,111.52777777777777,44,44.61111111111111,17,17.23611111111111,17
2005,15,360,1711.5199245823471,1735.2910346459907,116,117.6111111111111,84,85.16666666666666,108,109.5,52,52.72222222222222,18,18.25,17
2006,15,360,1607.5896936087006,1629.9173282421548,134,135.86111111111111,75,76.04166666666666,96,97.33333333333333,55,55.763888888888886,18,18.25,15
2007,15,360,1627.7628718952815,1650.3706895604937,147,149.04166666666666,62,62.86111111111111,91,92.26388888888889,60,60.83333333333333,19,19.26388888888889,13
2008,15,360,1464.545285039768,1484.8861917764314,143,144.98611111111111,87,88.20833333333333,72,73.0,58,58.80555555555555,18,18.25,12
2009,15,360,979.9821833058527,993.5930469628784,200,202.77777777777777,71,71.98611111111111,59,59.81944444444444,30,30.416666666666664,15,15.208333333333332,20
2010,15,360,1565.1811362099454,1586.91976310175,150,152.08333333333331,72,73.0,92,93.27777777777777,46,46.638888888888886,22,22.305555555555554,14
1981,23,365,1455.1894689452952,1455.1894689452952,153,153.0,67,67.0,98,98.0,47,47.0,15,15.0,10
1982,23,365,1712.9202712483611,1712.9202712483611,138,138.0,65,65.0,104,104.0,58,58.0,22,22.0,16
1983,23,365,1878.0470170564843,1878.0470170564843,137,137.0,65,65.0,96,96.0,67,67.0,20,20.0,24
1984,23,366,1464.9974662336176,1460.9947409160395,145,144.60382513661202,69,68.81147540983606,105,104.71311475409836,47,46.87158469945355,11,10.969945355191257,19
1985,23,365,1461.7028418534096,1461.7028418534096,132,132.0,81,81.0,103,103.0,49,49.0,11,11.0,17
1986,23,365,1602.037079119887,1602.037079119887,157,157.0,64,64.0,89,89.0,55,55.0,24,24.0,14
1987,23,365,1463.7930749903157,1463.7930749903157,157,157.0,72,72.0,81,81.0,55,55.0,17,17.0,17
1988,23,366,1590.8910845650244,1586.5443876126608,131,130.64207650273224,81,80.77868852459017,99,98.72950819672131,55,54.849726775956285,19,18.94808743169399,12
1989,23,365,1531.4063287746671,1531.4063287746671,144,144.0,66,66.0,94,94.0,61,61.0,18,18.0,14
1990,23,365,1319.5422188966984,1319.5422188966984,188,188.0,59,59.0,70,70.0,48,48.0,18,18.0,21
1991,23,365,1355.0051243186133,1355.0051243186133,154,154.0,77,77.0,84,84.0,50,50.0,12,12.0,22
1992,23,366,1246.1269259526464,1242.7222075757265,169,168.53825136612022,66,65.81967213114754,86,85.76502732240436,45,44.877049180327866,9,8.975409836065573,15
1993,23,365,1249.7466827078235,1249.7466827078235,166,166.0,60,60.0,107,107.0,32,32.0,12,12.0,28
1994,23,365,1378.6054174596175,1378.6054174596175,165,165.0,65,65.0,93,93.0,42,42.0,11,11.0,14
1995,23,365,1462.9075530428847,1462.9075530428847,164,164.0,61,61.0,93,93.0,47,47.0,15,15.0,12
1996,23,366,1337.8698486143253,1334.2144665142862,173,172.52732240437157,66,65.81967213114754,83,82.77322404371584,44,43.87978142076503,14,13.96174863387978,19
1997,23,365,1623.3101409276271,1623.3101409276271,155,155.0,71,71.0,84,84.0,55,55.0,21,21.0,15
1998,23,365,1214.2063029173255,1214.2063029173255,186,186.0,67,67.0,71,71.0,41,41.0,11,11.0,21
1999,23,365,1458.5039802169017,1458.5039802169017,166,166.0,62,62.0,90,90.0,47,47.0,15,15.0,34
2000,23,366,1711.810168724553,1707.1330917608248,144,143.60655737704917,65,64.8224043715847,97,96.73497267759562,60,59.83606557377049,15,14.959016393442623,10
2001,23,365,1692.9029464339042,1692.9029464339042,127,127.0,65,65.0,109,109.0,64,64.0,16,16.0,17
2002,23,365,1606.4799351794131,1606.4799351794131,157,157.0,72,72.0,78,78.0,58,58.0,21,21.0,13
2003,23,365,1443.232946429855,1443.232946429855,153,153.0,74,74.0,91,91.0,47,47.0,13,13.0,20
2004,23,366,1581.3888523242222,1577.0681177550302,141,140.61475409836066,64,63.82513661202186,110,109.69945355191257,51,50.86065573770492,12,11.967213114754099,31
2005,23,365,1419.9183151200746,1419.9183151200746,171,171.0,45,45.0,99,99.0,50,50.0,13,13.0,30
2006,23,365,1558.3293129708206,1558.3293129708206,149,149.0,64,64.0,94,94.0,58,58.0,13,13.0,14
2007,23,365,1295.1804336289197,1295.1804336289197,165,165.0,88,88.0,67,67.0,45,45.0,15,15.0,16
2008,23,366,1314.0352853606842,1310.4450250181687,156,155.5737704918033,89,88.7568306010929,80,79.78142076502732,41,40.887978142076506,15,14.959016393442623,16
2009,23,365,1670.0787014701373,1670.0787014701373,140,140.0,62,62.0,105,105.0,58,58.0,15,15.0,21
2010,23,365,1380.0481222988615,1380.0481222988615,150,150.0,82,82.0,85,85.0,48,48.0,16,16.0,12
1981,25,365,1377.466776297924,1377.466776297924,151,151.0,68,68.0,99,99.0,47,47.0,12,12.0,13
1982,25,365,1340.101992351591,1340.101992351591,138,138.0,82,82.0,104,104.0,41,41.0,12,12.0,12
1983,25,365,1701.0442160117918,1701.0442160117918,150,150.0,47,47.0,100,100.0,68,68.0,16,16.0,23
1984,25,365,1779.2146390697344,1779.2146390697344,101,101.0,82,82.0,122,122.0,60,60.0,13,13.0,14
1985,25,365,1760.6518139253299,1760.6518139253299,90,90.0,100,100.0,115,115.0,60,60.0,18,18.0,7
1986,25,365,1378.0119320577242,1378.0119320577242,115,115.0,100,100.0,107,107.0,43,43.0,13,13.0,13
1987,25,365,1850.504954906824,1850.504954906824,109,109.0,70,70.0,115,115.0,71,71.0,14,14.0,23
1988,25,365,1621.6874772952401,1621.6874772952401,139,139.0,77,77.0,96,96.0,53,53.0,18,18.0,13
1989,25,365,1751.405341634839,1751.405341634839,139,139.0,67,67.0,98,98.0,61,61.0,19,19.0,20
1990,25,365,1698.4698610450291,1698.4698610450291,125,125.0,87,87.0,99,99.0,54,54.0,17,17.0,20
1991,25,365,1793.0223590554085,1793.0223590554085,135,135.0,72,72.0,97,97.0,61,61.0,15,15.0,11
1992,25,365,1940.4884695382602,1940.4884695382602,117,117.0,61,61.0,118,118.0,69,69.0,22,22.0,29
1993,25,365,1414.7505986768201,1414.7505986768201,122,122.0,92,92.0,104,104.0,47,47.0,15,15.0,18
1994,25,365,2304.3098068250447,2304.3098068250447,91,91.0,67,67.0,130,130.0,77,77.0,28,28.0,19
1995,25,365,1356.4472483574498,1356.4472483574498,149,149.0,74,74.0,102,102.0,40,40.0,10,10.0,19
1996,25,365,1597.596632810782,1597.596632810782,117,117.0,87,87.0,115,115.0,46,46.0,16,16.0,16
1997,25,365,1774.2868509524583,1774.2868509524583,132,132.0,67,67.0,104,104.0,62,62.0,23,23.0,15
1998,25,365,1596.6287384652167,1596.6287384652167,150,150.0,63,63.0,100,100.0,52,52.0,16,16.0,16
1999,25,365,1785.2048022704184,1785.2048022704184,131,131.0,68,68.0,103,103.0,63,63.0,20,20.0,15
2000,25,365,1828.994384587529,1828.994384587529,142,142.0,51,51.0,105,105.0,67,67.0,23,23.0,25
2001,25,365,1962.107212265599,1962.107212265599,123,123.0,77,77.0,96,96.0,69,69.0,23,23.0,13
2002,25,365,1534.662655801471,1534.662655801471,143,143.0,66,66.0,106,106.0,50,50.0,13,13.0,18
2003,25,365,1710.1039859955783,1710.1039859955783,111,111.0,86,86.0,106,106.0,62,62.0,14,14.0,13
2004,25,365,2297.4804358581346,2297.4804358581346,88,88.0,72,72.0,121,121.0,84,84.0,26,26.0,12
2005,25,365,1358.527800936509,1358.527800936509,138,138.0,83,83.0,95,95.0,49,49.0,10,10.0,12
2006,25,365,1591.8059051109835,1591.8059051109835,130,130.0,83,83.0,93,93.0,59,59.0,11,11.0,16
2007,25,365,1615.7546221855082,1615.7546221855082,124,124.0,76,76.0,113,113.0,52,52.0,10,10.0,13
2008,25,365,1559.308979715555,1559.308979715555,131,131.0,83,83.0,91,91.0,60,60.0,16,16.0,14
2009,25,365,1650.1612652789877,1650.1612652789877,128,128.0,76,76.0,101,101.0,60,60.0,12,12.0,13
2010,25,365,1997.835156238817,1997.835156238817,132,132.0,60,60.0,109,109.0,64,64.0,35,35.0,18
1981,27,365,1682.0421215785495,1682.0421215785495,139,139.0,72,72.0,89,89.0,65,65.0,16,16.0,13
1982,27,365,1999.9887827803645,1999.9887827803645,127,127.0,61,61.0,94,94.0,83,83.0,23,23.0,16
1983,27,365,1142.5726093556348,1142.5726093556348,159,159.0,95,95.0,72,72.0,39,39.0,8,8.0,15
1984,27,366,1661.6245583322666,1657.0846005226156,155,154.57650273224044,47,46.87158469945355,109,108.70218579234972,55,54.849726775956285,16,15.956284153005464,25
1985,27,365,1837.8399770685232,1837.8399770685232,119,119.0,73,73.0,108,108.0,65,65.0,19,19.0,12
1986,27,365,1845.2122981374498,1845.2122981374498,134,134.0,52,52.0,108,108.0,71,71.0,20,20.0,15
1987,27,365,1611.4830661998121,1611.4830661998121,119,119.0,80,80.0,111,111.0,55,55.0,10,10.0,11
1988,27,366,1844.6956886704918,1839.6555365156544,129,128.64754098360655,63,62.82786885245902,107,106.70765027322405,67,66.81693989071039,19,18.94808743169399,15
1989,27,365,1634.190214561073,1634.190214561073,139,139.0,74,74.0,93,93.0,59,59.0,15,15.0,26
1990,27,365,1215.137473874357,1215.137473874357,160,160.0,83,83.0,80,80.0,42,42.0,14,14.0,11
1991,27,365,1623.81910230951,1623.81910230951,149,149.0,60,60.0,86,86.0,70,70.0,13,13.0,12
1992,27,366,1446.9005730995805,1442.94729284521,151,150.58743169398906,64,63.82513661202186,103,102.71857923497268,48,47.868852459016395,12,11.967213114754099,14
1993,27,365,1508.635336915921,1508.635336915921,136,136.0,64,64.0,107,107.0,58,58.0,9,9.0,16
1994,27,365,1518.4782623928816,1518.4782623928816,132,132.0,76,76.0,107,107.0,50,50.0,14,14.0,17
1995,27,365,1773.8395615042919,1773.8395615042919,125,125.0,64,64.0,109,109.0,67,67.0,18,18.0,15
1996,27,366,1409.6442868572733,1405.7927997347124,162,161.55737704918033,70,69.80874316939891,87,86.76229508196721,47,46.87158469945355,16,15.956284153005464,20
1997,27,365,1861.510783316036,1861.510783316036,130,130.0,60,60.0,110,110.0,65,65.0,26,26.0,10
1998,27,365,1730.8272587784456,1730.8272587784456,133,133.0,68,68.0,103,103.0,61,61.0,13,13.0,13
1999,27,365,1401.9931879566798,1401.9931879566798,141,141.0,86,86.0,96,96.0,42,42.0,14,14.0,12
2000,27,366,1354.8482075067236,1351.146436447962,131,130.64207650273224,95,94.74043715846994,92,91.74863387978142,48,47.868852459016395,11,10.969945355191257,10
2001,27,365,1566.442337475895,1566.442337475895,141,141.0,81,81.0,88,88.0,55,55.0,16,16.0,13
2002,27,365,1715.3001294529085,1715.3001294529085,123,123.0,70,70.0,119,119.0,53,53.0,20,20.0,15
2003,27,365,1490.8104746266645,1490.8104746266645,151,151.0,63,63.0,90,90.0,61,61.0,14,14.0,17
2004,27,366,1490.5318409917768,1486.4593496229468,161,160.5601092896175,58,57.84153005464481,98,97.73224043715847,49,48.86612021857923,13,12.96448087431694,17
2005,27,365,1400.6193387397707,1400.6193387397707,154,154.0,69,69.0,99,99.0,43,43.0,17,17.0,15
2006,27,365,1705.3547642250448,1705.3547642250448,115,115.0,77,77.0,119,119.0,54,54.0,16,16.0,12
2007,27,365,1919.0302588241818,1919.0302588241818,108,108.0,73,73.0,121,121.0,63,63.0,19,19.0,18
2008,27,366,1694.9572738928268,1690.326243089841,140,139.61748633879782,72,71.80327868852459,89,88.7568306010929,65,64.8224043715847,21,20.942622950819672,21
2009,27,365,1669.0529461089664,1669.0529461089664,125,125.0,66,66.0,122,122.0,52,52.0,17,17.0,15
2010,27,365,1413.2190800468684,1413.2190800468684,126,126.0,80,80.0,109,109.0,50,50.0,7,7.0,17
1981,29,365,1551.1920746693906,1551.1920746693906,140,140.0,61,61.0,114,114.0,50,50.0,12,12.0,10
1982,29,365,1680.172535793582,1680.172535793582,130,130.0,72,72.0,108,108.0,55,55.0,16,16.0,10
1983,29,365,1931.9962025671448,1931.9962025671448,117,117.0,72,72.0,108,108.0,68,68.0,25,25.0,11
1984,29,366,1419.391423672569,1415.513305028655,143,142.60928961748633,81,80.77868852459017,96,95.73770491803279,46,45.87431693989071,18,17.950819672131146,10
1985,29,365,1465.9216952719187,1465.9216952719187,133,133.0,90,90.0,95,95.0,47,47.0,16,16.0,14
1986,29,365,1409.2534959787927,1409.2534959787927,127,127.0,93,93.0,104,104.0,41,41.0,15,15.0,14
1987,29,365,1602.4085273815858,1602.4085273815858,145,145.0,71,71.0,92,92.0,57,57.0,16,16.0,12
1988,29,366,1711.8370884268425,1707.159937912015,105,104.71311475409836,82,81.77595628415301,124,123.66120218579235,55,54.849726775956285,14,13.96174863387978,8
1989,29,365,1573.2870974020232,1573.2870974020232,141,141.0,58,58.0,112,112.0,54,54.0,14,14.0,12
1990,29,365,1488.968889594467,1488.968889594467,127,127.0,76,76.0,114,114.0,48,48.0,12,12.0,9
1991,29,365,1817.619239285213,1817.619239285213,132,132.0,80,80.0,82,82.0,71,71.0,19,19.0,23
1992,29,366,1544.4700802448351,1540.2502166376087,123,122.6639344262295,76,75.79234972677595,116,115.68306010928961,51,50.86065573770492,15,14.959016393442623,14
1993,29,365,1692.9599026970714,1692.9599026970714,131,131.0,74,74.0,102,102.0,58,58.0,17,17.0,13
1994,29,365,1701.2160947229079,1701.2160947229079,130,130.0,68,68.0,110,110.0,57,57.0,13,13.0,10
1995,29,365,1516.830655035179,1516.830655035179,146,146.0,83,83.0,83,83.0,53,53.0,19,19.0,11
1996,29,366,1769.770446316949,1764.9350079390338,132,131.63934426229508,69,68.81147540983606,101,100.72404371584699,64,63.82513661202186,21,20.942622950819672,12
1997,29,365,1552.6569268256262,1552.6569268256262,133,133.0,74,74.0,107,107.0,51,51.0,16,16.0,16
1998,29,365,1723.07662063924,1723.07662063924,118,118.0,84,84.0,105,105.0,58,58.0,20,20.0,9
1999,29,365,1738.7983420410544,1738.7983420410544,137,137.0,73,73.0,98,98.0,57,57.0,19,19.0,12
2000,29,366,1305.3943214729316,1301.8276703213662,161,160.5601092896175,74,73.79781420765028,89,88.7568306010929,42,41.885245901639344,13,12.96448087431694,16
2001,29,365,1500.8690548782329,1500.8690548782329,136,136.0,83,83.0,95,95.0,51,51.0,18,18.0,11
2002,29,365,1700.7282614779356,1700.7282614779356,133,133.0,79,79.0,97,97.0,56,56.0,16,16.0,10
2003,29,365,1732.0200157192965,1732.0200157192965,131,131.0,60,60.0,114,114.0,60,60.0,21,21.0,22
2004,29,366,1666.229013219727,1661.6764749322415,153,152.58196721311475,61,60.833333333333336,97,96.73497267759562,55,54.849726775956285,22,21.939890710382514,13
2005,29,365,1286.151292012214,1286.151292012214,178,178.0,64,64.0,82,82.0,41,41.0,15,15.0,13
2006,29,365,1878.617635303383,1878.617635303383,117,117.0,73,73.0,99,99.0,76,76.0,18,18.0,10
2007,29,365,1559.9031843425887,1559.9031843425887,142,142.0,80,80.0,89,89.0,54,54.0,15,15.0,15
2008,29,366,1814.355370063705,1809.3981149542415,124,123.66120218579235,82,81.77595628415301,96,95.73770491803279,64,63.82513661202186,23,22.937158469945356,12
2009,29,365,1581.287687926486,1581.287687926486,133,133.0,81,81.0,104,104.0,47,47.0,21,21.0,9
2010,29,365,1491.646011364122,1491.646011364122,131,131.0,83,83.0,104,104.0,47,47.0,14,14.0,15
